#
# A fatal error has been detected by the Java Runtime Environment:
#
#  SIGSEGV (0xb) at pc=0x00007f612e52d2eb, pid=20257, tid=46435
#
# JRE version: OpenJDK Runtime Environment Temurin-21.0.12.1+1 (21.0.12.1+1) (build 21.0.12.1+1-LTS)
# Java VM: OpenJDK 64-Bit Server VM Temurin-21.0.12.1+1 (21.0.12.1+1-LTS, mixed mode, sharing, tiered, compressed oops, compressed class ptrs, parallel gc, linux-amd64)
# Problematic frame:
# J 15319 c2 org.eclipse.jdt.internal.core.index.DiskIndex.addQueryResults([[C[CILorg/eclipse/jdt/internal/core/index/MemoryIndex;)Lorg/eclipse/jdt/internal/compiler/util/HashtableOfObject; (727 bytes) @ 0x00007f612e52d2eb [0x00007f612e52c9a0+0x000000000000094b]
#
# Core dump will be written. Default location: Determined by the following: "/usr/lib/systemd/systemd-coredump %P %u %g %s %t %c %h %d %F" (alternatively, falling back to /home/alejandro/Documents/java/proyecto1/core.20257)
#
# If you would like to submit a bug report, please visit:
#   https://github.com/adoptium/adoptium-support/issues
#

---------------  S U M M A R Y ------------

Command Line: --add-modules=ALL-SYSTEM --add-opens=java.base/java.util=ALL-UNNAMED --add-opens=java.base/java.lang=ALL-UNNAMED --add-opens=java.base/sun.nio.fs=ALL-UNNAMED -Declipse.application=org.eclipse.jdt.ls.core.id1 -Dosgi.bundles.defaultStartLevel=4 -Declipse.product=org.eclipse.jdt.ls.core.product -Djava.import.generatesMetadataFilesAtProjectRoot=false -Dm2e.project.cache.size=50 -DDetectVMInstallationsJob.disabled=true -Dfile.encoding=utf8 -XX:+UseParallelGC -XX:GCTimeRatio=4 -XX:AdaptiveSizePolicyWeight=90 -Dsun.zip.disableMemoryMapping=true -Xmx2G -Xms100m -Xlog:disable -javaagent:/home/alejandro/.antigravity/extensions/redhat.java-1.56.0-linux-x64/lombok/lombok-1.18.39-4050.jar -XX:+HeapDumpOnOutOfMemoryError -XX:HeapDumpPath=/home/alejandro/.config/Antigravity/User/workspaceStorage/86130345ce36af9e20fe2ce1e9e45859/redhat.java -Daether.dependencyCollector.impl=bf /home/alejandro/.antigravity/extensions/redhat.java-1.56.0-linux-x64/server/plugins/org.eclipse.equinox.launcher_1.8.0.v20260804-1928.jar -configuration /home/alejandro/.config/Antigravity/User/globalStorage/redhat.java/1.56.0/config_linux -data /home/alejandro/.config/Antigravity/User/workspaceStorage/86130345ce36af9e20fe2ce1e9e45859/redhat.java/jdt_ws --pipe=/run/user/1000/lsp-d305c378a31f1d2f33d0be7b42634e88.sock

Host: Intel(R) Core(TM) i7-7700HQ CPU @ 2.80GHz, 8 cores, 7G, Fedora release 44 (Forty Four)
Time: Tue Sep  8 18:13:12 2026 -05 elapsed time: 6537.494402 seconds (0d 1h 48m 57s)

---------------  T H R E A D  ---------------

Current thread (0x00007f6040139220):  JavaThread "PatternSearchJob-worker-7" daemon [_thread_in_Java, id=46435, stack(0x00007f60d9b74000,0x00007f60d9c74000) (1024K)]

Stack: [0x00007f60d9b74000,0x00007f60d9c74000],  sp=0x00007f60d9c72270,  free space=1016k
Native frames: (J=compiled Java code, j=interpreted, Vv=VM code, C=native code)
J 15319 c2 org.eclipse.jdt.internal.core.index.DiskIndex.addQueryResults([[C[CILorg/eclipse/jdt/internal/core/index/MemoryIndex;)Lorg/eclipse/jdt/internal/compiler/util/HashtableOfObject; (727 bytes) @ 0x00007f612e52d2eb [0x00007f612e52c9a0+0x000000000000094b]
J 13316 c2 org.eclipse.jdt.internal.core.index.Index.query([[C[CI)[Lorg/eclipse/jdt/internal/core/index/EntryResult; (203 bytes) @ 0x00007f612e2a00ac [0x00007f612e29ff40+0x000000000000016c]
J 20524 c2 org.eclipse.jdt.core.search.SearchPattern.findIndexMatches(Lorg/eclipse/jdt/internal/core/index/Index;Lorg/eclipse/jdt/internal/core/search/IndexQueryRequestor;Lorg/eclipse/jdt/core/search/SearchParticipant;Lorg/eclipse/jdt/core/search/IJavaSearchScope;ZLorg/eclipse/core/runtime/IProgressMonitor;)V (245 bytes) @ 0x00007f612eea3500 [0x00007f612eea28a0+0x0000000000000c60]
j  org.eclipse.jdt.core.search.SearchPattern.findIndexMatches(Lorg/eclipse/jdt/internal/core/index/Index;Lorg/eclipse/jdt/internal/core/search/IndexQueryRequestor;Lorg/eclipse/jdt/core/search/SearchParticipant;Lorg/eclipse/jdt/core/search/IJavaSearchScope;Lorg/eclipse/core/runtime/IProgressMonitor;)V+9
j  org.eclipse.jdt.internal.core.search.matching.MatchLocator.findIndexMatches(Lorg/eclipse/jdt/core/search/SearchPattern;Lorg/eclipse/jdt/internal/core/index/Index;Lorg/eclipse/jdt/internal/core/search/IndexQueryRequestor;Lorg/eclipse/jdt/core/search/SearchParticipant;Lorg/eclipse/jdt/core/search/IJavaSearchScope;Lorg/eclipse/core/runtime/IProgressMonitor;)V+8
j  org.eclipse.jdt.internal.core.search.PatternSearchJob.search(Lorg/eclipse/jdt/internal/core/index/Index;Lorg/eclipse/jdt/internal/core/search/IndexQueryRequestor;Lorg/eclipse/core/runtime/IProgressMonitor;Z)Z+134
j  org.eclipse.jdt.internal.core.search.SubTypeSearchJob.search(Lorg/eclipse/jdt/internal/core/index/Index;Lorg/eclipse/jdt/internal/core/search/IndexQueryRequestor;Lorg/eclipse/core/runtime/IProgressMonitor;Z)Z+29
j  org.eclipse.jdt.internal.core.search.PatternSearchJob.search(Lorg/eclipse/jdt/internal/core/index/Index;Lorg/eclipse/core/runtime/IProgressMonitor;Z)Lorg/eclipse/jdt/internal/core/search/PatternSearchJob$IndexResult;+19
J 21237 c1 org.eclipse.jdt.internal.core.search.PatternSearchJob$$Lambda+0x00007f60dc765658.call()Ljava/lang/Object; (16 bytes) @ 0x00007f61261acc14 [0x00007f61261acb40+0x00000000000000d4]
J 17394 c2 java.util.concurrent.ForkJoinTask.doExec()I java.base@21.0.12.1 (37 bytes) @ 0x00007f612e8271fc [0x00007f612e827000+0x00000000000001fc]
J 13035 c2 java.util.concurrent.ForkJoinPool.scan(Ljava/util/concurrent/ForkJoinPool$WorkQueue;II)I java.base@21.0.12.1 (263 bytes) @ 0x00007f612e259090 [0x00007f612e258f00+0x0000000000000190]
j  java.util.concurrent.ForkJoinPool.runWorker(Ljava/util/concurrent/ForkJoinPool$WorkQueue;)V+35 java.base@21.0.12.1
j  java.util.concurrent.ForkJoinWorkerThread.run()V+31 java.base@21.0.12.1
v  ~StubRoutines::call_stub 0x00007f612d337cc6
V  [libjvm.so+0x91cbd5]  JavaCalls::call_helper(JavaValue*, methodHandle const&, JavaCallArguments*, JavaThread*)+0x2e5
V  [libjvm.so+0x91e552]  JavaCalls::call_virtual(JavaValue*, Handle, Klass*, Symbol*, Symbol*, JavaThread*)+0x1d2
V  [libjvm.so+0x9f3e0e]  thread_entry(JavaThread*, JavaThread*)+0x8e
V  [libjvm.so+0x9343f8]  JavaThread::thread_main_inner()+0x1d8
V  [libjvm.so+0xfa1c88]  Thread::call_run()+0xa8
V  [libjvm.so+0xd1385a]  thread_native_entry(Thread*)+0xda
C  [libc.so.6+0x72c19]  start_thread+0x399

siginfo: si_signo: 11 (SIGSEGV), si_code: 1 (SEGV_MAPERR), si_addr: 0x0000000000000014

Registers:
RAX=0x0000000000000050, RBX=0x00000000a55b9418, RCX=0x0000000000000009, RDX=0x00000000a55b1458
RSP=0x00007f60d9c72270, RBP=0x0000000000000009, RSI=0x000000000000004f, RDI=0x0000000000000008
R8 =0x0000000000001099, R9 =0x000000000000d7e2, R10=0x0000000000000041, R11=0x00000000a5551480
R12=0x0000000000000000, R13=0x0000000000000008, R14=0x00007f60db00bc10, R15=0x00007f6040139220
RIP=0x00007f612e52d2eb, EFLAGS=0x0000000000010202, CSGSFS=0x002b000000000033, ERR=0x0000000000000004
  TRAPNO=0x000000000000000e

XMM[0]=0x0000000000000000 0x0000000000000000
XMM[1]=0x0000000000000000 0x0000000000000000
XMM[2]=0x0c98f5818685ba9f 0x4a319941fc018edf
XMM[3]=0x294fe48100acab9f 0x14e8c84188303fdf
XMM[4]=0x7dd7bc017dd7bc01 0x7dd7bc017dd7bc01
XMM[5]=0x1f4bf8d8ac0bf628 0x4ddf7511950c2361
XMM[6]=0x000e178101b4d89f 0x34e63b4167e12cdf
XMM[7]=0x58e4c1132b5b6ff2 0xf58a56abaa4894ac
XMM[8]=0x8b71da371622d6b9 0x766428770f28853f
XMM[9]=0xb9937f83b9937f83 0xb9937f838ee658a8
XMM[10]=0x0142efdadf612018 0xf549761979423d27
XMM[11]=0x0000000000000000 0x000000008ee658a8
XMM[12]=0x1ea9140a1ea9140a 0x1ea9140aad8f6cb2
XMM[13]=0x8e1c87b28e1c87b2 0x8e1c87b286d67a8a
XMM[14]=0x0000000000000000 0x00000000f8b9f2d8
XMM[15]=0x0000000000000000 0x0000000080bef3a0
  MXCSR=0x00001fa2


Register to memory mapping:

RAX=0x0000000000000050 is an unknown value
RBX=0x00000000a55b9418 is an oop: [Ljava.lang.Object; 
{0x00000000a55b9418} - klass: 'java/lang/Object'[]
 - length: 55266
RCX=0x0000000000000009 is an unknown value
RDX=0x00000000a55b1458 is an oop: [C 
{0x00000000a55b1458} - klass: {type array char}
 - length: 9
RSP=0x00007f60d9c72270 is pointing into the stack for thread: 0x00007f6040139220
RBP=0x0000000000000009 is an unknown value
RSI=0x000000000000004f is an unknown value
RDI=0x0000000000000008 is an unknown value
R8 =0x0000000000001099 is an unknown value
R9 =0x000000000000d7e2 is an unknown value
R10=0x0000000000000041 is an unknown value
R11=0x00000000a5551480 is an oop: [[C 
{0x00000000a5551480} - klass: {type array char}[]
 - length: 55266
R12=0x0 is null
R13=0x0000000000000008 is an unknown value
R14=0x00007f60db00bc10 is a pointer to class: 
java.io.Closeable {0x00007f60db00bc10}
 - instance size:     2
 - klass size:        64
 - access:            public interface abstract 
 - flags:             rewritten is_shared_boot_class 
 - state:             linked
 - name:              'java/io/Closeable'
 - super:             'java/lang/Object'
 - sub:               
 - nof implementors:  2
 - arrays:            'java/io/Closeable'[]
 - methods:           Array<T>(0x00007f60dbb26ea0)
 - method ordering:   Array<T>(0x00007f60dbb26e88)
 - local interfaces:  Array<T>(0x00007f60dbb26e90)
 - trans. interfaces: Array<T>(0x00007f60dbb26e90)
 - secondary supers: Array<T>(0x00007f60dbb26e90)
 - hash_slot:         1
 - bitmap:            0x0800000000000000
 - constants:         constant pool [14] {0x00007f60dbb26ef0} for 'java/io/Closeable' cache=0x00007f60db45f2a8
 - class loader data:  loader data: 0x00007f613804bb70 of 'bootstrap'
 - inner classes:     Array<T>(0x00007f60db618fa8)
 - nest members:     Array<T>(0x00007f60db618fa8)
 - permitted subclasses:     Array<T>(0x00007f60db618fa8)
 - java mirror:       a 'java/lang/Class'{0x0000000080091f90} = 'java/io/Closeable'
 - vtable length      5  (start addr: 0x00007f60db00bde0)
 - itable length      0 (start addr: 0x00007f60db00be08)
 - ---- static fields (0 words):
 - ---- non-static fields (0 words):
 - non-static oop maps: 
R15=0x00007f6040139220 is a thread

Top of Stack: (sp=0x00007f60d9c72270)
0x00007f60d9c72270:   00000000a55b1458 0000000000000008   X.[.............
0x00007f60d9c72280:   00007f0100000009 0000000000000000   ................
0x00007f60d9c72290:   00007f6000000001 0000000082655f80   ....`...._e.....
0x00007f60d9c722a0:   0000000082e5f938 0000000000000000   8...............
0x00007f60d9c722b0:   00007f60d9c722d0 00007f613eb0ea30   ."..`...0..>a...
0x00007f60d9c722c0:   00007f60d9c72348 0000000000000000   H#..`...........
0x00007f60d9c722d0:   00007f612d33ee80 0000000000000008   ..3-a...........
0x00007f60d9c722e0:   0000000000000000 00000000d5747788   .........wt.....
0x00007f60d9c722f0:   0000000000000008 00000000d5747788   .........wt.....
0x00007f60d9c72300:   00007f60d9c72300 00007f60d1155f92   .#..`...._..`...
0x00007f60d9c72310:   0000000000000009 00007f612e2a00ac   ..........*.a...
0x00007f60d9c72320:   0000000082655f80 00000000d5747788   ._e......wt.....
0x00007f60d9c72330:   00007f6000000049 0000000082710f70   I...`...p.q.....
0x00007f60d9c72340:   00007f60d9c72370 0000000000000049   p#..`...I.......
0x00007f60d9c72350:   00007f612eea34b4 0000000000000008   .4..a...........
0x00007f60d9c72360:   0000000000000049 00007f612eea3500   I........5..a...
0x00007f60d9c72370:   00007f60d9c72358 00000000d5740000   X#..`.....t.....
0x00007f60d9c72380:   0000000000000000 0000000082710f70   ........p.q.....
0x00007f60d9c72390:   00000000a55b1480 00000000a55b1498   ..[.......[.....
0x00007f60d9c723a0:   00000000a55b14b0 00007f6000000001   ..[.........`...
0x00007f60d9c723b0:   00000000a55b14c0 00000000a55b34d8   ..[......4[.....
0x00007f60d9c723c0:   00000000a55b14c0 00007f613ebf83e7   ..[........>a...
0x00007f60d9c723d0:   00007f6040139220 0000000082710f70    ..@`...p.q.....
0x00007f60d9c723e0:   00007f6040139220 00007f613ebf83e7    ..@`......>a...
0x00007f60d9c723f0:   00007f613f64d0e8 00007f6040139220   ..d?a... ..@`...
0x00007f60d9c72400:   00007f60dc58f120 0000000000000002    .X.`...........
0x00007f60d9c72410:   00007f613f64d0e8 00007f6040139220   ..d?a... ..@`...
0x00007f60d9c72420:   00007f613f64c418 0000000000000000   ..d?a...........
0x00007f60d9c72430:   00000000d5b02800 0000000000000000   .(..............
0x00007f60d9c72440:   00007f60d9c724e0 00007f612d33ee80   .$..`.....3-a...
0x00007f60d9c72450:   00000000d5747718 00007f612d33ee80   .wt.......3-a...
0x00007f60d9c72460:   00000000d573d418 0000000000000001   ..s.............

Instructions: (pc=0x00007f612e52d2eb)
0x00007f612e52d1eb:   ff ff 48 8b c5 e9 67 ff ff ff 48 8b 14 24 8b cd
0x00007f612e52d1fb:   44 8b 6c 24 08 4c 8b 44 24 38 4d 85 c0 0f 84 df
0x00007f612e52d20b:   01 00 00 48 8b 6c 24 38 44 8b 54 24 1c 41 ff c2
0x00007f612e52d21b:   0f 1f 44 00 00 44 3b 54 24 20 0f 8d d1 fe ff ff
0x00007f612e52d22b:   45 33 db 4d 85 c0 41 0f 95 c3 44 89 5c 24 18 48
0x00007f612e52d23b:   89 6c 24 38 48 89 14 24 4c 8b 44 24 28 8b e9 44
0x00007f612e52d24b:   89 6c 24 08 47 8b 4c 90 10 44 89 54 24 1c 4c 89
0x00007f612e52d25b:   44 24 28 49 8b d1 48 8b 74 24 30 33 c9 c5 f8 77
0x00007f612e52d26b:   e8 f0 4d ac ff 0f 1f 84 00 e0 0c 00 08 0f 1f 84
0x00007f612e52d27b:   00 00 00 00 00 48 85 c0 0f 84 6c ff ff ff 44 8b
0x00007f612e52d28b:   58 14 45 8b 4b 0c 45 85 c9 0f 86 4a 15 00 00 8b
0x00007f612e52d29b:   58 18 45 8b d1 41 ff ca 45 3b d1 0f 83 c0 17 00
0x00007f612e52d2ab:   00 8b cd 85 ed 0f 86 ea 17 00 00 44 8b 6c 24 08
0x00007f612e52d2bb:   0f 1f 44 00 00 44 3b ed 0f 83 d7 17 00 00 45 33
0x00007f612e52d2cb:   c0 eb 14 48 8b 14 24 41 ff c0 45 3b c1 0f 8d 22
0x00007f612e52d2db:   ff ff ff 48 89 14 24 43 8b 7c 83 10 85 ff 74 e3
0x00007f612e52d2eb:   44 8b 57 0c 48 8b 14 24 0f b7 42 10 66 0f 1f 84
0x00007f612e52d2fb:   00 00 00 00 00 45 85 d2 0f 86 2c 0c 00 00 0f b7
0x00007f612e52d30b:   77 10 3b c6 75 c1 44 3b d1 0f 8c be 12 00 00 45
0x00007f612e52d31b:   85 ed 7c 2e 90 45 3b ea 0f 83 d7 0f 00 00 45 8b
0x00007f612e52d32b:   d5 0f 1f 40 00 42 0f b7 44 57 10 42 0f b7 74 52
0x00007f612e52d33b:   10 0f 1f 40 00 3b f0 75 8e 41 ff ca 41 83 fa ff
0x00007f612e52d34b:   7f e3 8b 73 0c 44 3b c6 0f 83 c7 17 00 00 44 89
0x00007f612e52d35b:   4c 24 14 44 89 6c 24 0c 89 4c 24 08 48 89 14 24
0x00007f612e52d36b:   46 8b 4c 83 10 44 89 44 24 40 4d 8b d3 44 89 5c
0x00007f612e52d37b:   24 10 4d 8b c1 48 8b eb 89 5c 24 24 48 8b cf 48
0x00007f612e52d38b:   8b 74 24 30 48 8b 54 24 38 4c 8b 4c 24 58 8b 7c
0x00007f612e52d39b:   24 18 4c 89 54 24 38 66 90 c5 f8 77 e8 d4 7c e5
0x00007f612e52d3ab:   fe 0f 1f 84 00 1c 0e 00 09 48 89 44 24 38 48 8b
0x00007f612e52d3bb:   14 24 8b 4c 24 08 44 8b 6c 24 0c 44 8b 5c 24 10
0x00007f612e52d3cb:   44 8b 4c 24 14 8b 5c 24 24 44 8b 44 24 40 e9 f4
0x00007f612e52d3db:   fe ff ff 48 8b c5 e9 76 fd ff ff 33 ed e9 7f fd


Stack slot to memory mapping:

stack at sp + 0 slots: 0x00000000a55b1458 is an oop: [C 
{0x00000000a55b1458} - klass: {type array char}
 - length: 9
stack at sp + 1 slots: 0x0000000000000008 is an unknown value
stack at sp + 2 slots: 0x00007f0100000009 is an unknown value
stack at sp + 3 slots: 0x0 is null
stack at sp + 4 slots: 0x00007f6000000001 points into unknown readable memory: 00 00 00 60 7f 00 00
stack at sp + 5 slots: 0x0000000082655f80 is an oop: [[C 
{0x0000000082655f80} - klass: {type array char}[]
 - length: 1
stack at sp + 6 slots: 0x0000000082e5f938 is an oop: org.eclipse.jdt.internal.core.index.DiskIndex 
{0x0000000082e5f938} - klass: 'org/eclipse/jdt/internal/core/index/DiskIndex'
 - ---- fields (total size 11 words):
 - private 'headerInfoOffset' 'I' @12  42696245 (0x028b7e35)
 - private 'numberOfChunks' 'I' @16  271 (0x0000010f)
 - private 'sizeOfLastChunk' 'I' @20  54 (0x00000036)
 - private 'documentReferenceSize' 'I' @24  2 (0x00000002)
 - private 'startOfCategoryTables' 'I' @28  364815 (0x0005910f)
 - private 'cacheUserCount' 'I' @32  1 (0x00000001)
 - private 'bufferIndex' 'I' @36  1476 (0x000005c4)
 - private 'bufferEnd' 'I' @40  2048 (0x00000800)
 - private 'streamEnd' 'I' @44  42697593 (0x028b8379)
 - 'separator' 'C' @48  | 124 (0x007c)
 - 'indexLocation' 'Lorg/eclipse/jdt/internal/core/index/IndexLocation;' @52  a 'org/eclipse/jdt/internal/core/index/FileIndexLocation'{0x000000008191afd0} (0x8191afd0)
 - private 'chunkOffsets' '[I' @56  [I{0x0000000082e5fc50} (0x82e5fc50)
 - private 'categoryOffsets' 'Lorg/eclipse/jdt/internal/compiler/util/HashtableOfIntValues;' @60  a 'org/eclipse/jdt/internal/compiler/util/HashtableOfIntValues'{0x0000000082e5fc30} (0x82e5fc30)
 - private 'categoryEnds' 'Lorg/eclipse/jdt/internal/compiler/util/HashtableOfIntValues;' @64  a 'org/eclipse/jdt/internal/compiler/util/HashtableOfIntValues'{0x0000000082e5fb80} (0x82e5fb80)
 - private 'cachedChunks' '[[Ljava/lang/String;' @68  null (0x00000000)
 - private 'categoryTables' 'Lorg/eclipse/jdt/internal/compiler/util/HashtableOfObject;' @72  a 'org/eclipse/jdt/internal/compiler/util/HashtableOfObject'{0x00000000a55b5418} (0xa55b5418)
 - private 'cachedCategoryName' '[C' @76  null (0x00000000)
 - private 'streamBuffer' '[B' @80  null (0x00000000)
stack at sp + 7 slots: 0x0 is null


Compiled method (c2) 6537518 15319       4       org.eclipse.jdt.internal.core.index.DiskIndex::addQueryResults (727 bytes)
 total in heap  [0x00007f612e52c590,0x00007f612e530aa0] = 17680
 relocation     [0x00007f612e52c6e8,0x00007f612e52c980] = 664
 constants      [0x00007f612e52c980,0x00007f612e52c9a0] = 32
 main code      [0x00007f612e52c9a0,0x00007f612e52f1a0] = 10240
 stub code      [0x00007f612e52f1a0,0x00007f612e52f230] = 144
 oops           [0x00007f612e52f230,0x00007f612e52f240] = 16
 metadata       [0x00007f612e52f240,0x00007f612e52f2c0] = 128
 scopes data    [0x00007f612e52f2c0,0x00007f612e530228] = 3944
 scopes pcs     [0x00007f612e530228,0x00007f612e530798] = 1392
 dependencies   [0x00007f612e530798,0x00007f612e5307b8] = 32
 handler table  [0x00007f612e5307b8,0x00007f612e530a10] = 600
 nul chk table  [0x00007f612e530a10,0x00007f612e530aa0] = 144


[Constant Pool]
             Address          hex4                    hex8      
  0x00007f612e52c980:   0x3fe00000      0xf4f4f4f43fe00000      
  0x00007f612e52c984:   0xf4f4f4f4                              
  0x00007f612e52c988:   0xf4f4f4f4      0xf4f4f4f4f4f4f4f4      
  0x00007f612e52c98c:   0xf4f4f4f4                              
  0x00007f612e52c990:   0xf4f4f4f4      0xf4f4f4f4f4f4f4f4      
  0x00007f612e52c994:   0xf4f4f4f4                              
  0x00007f612e52c998:   0xf4f4f4f4      0xf4f4f4f4f4f4f4f4      
  0x00007f612e52c99c:   0xf4f4f4f4                              

[MachCode]
[Entry Point]
  # {method} {0x00007f60d31f7f58} 'addQueryResults' '([[C[CILorg/eclipse/jdt/internal/core/index/MemoryIndex;)Lorg/eclipse/jdt/internal/compiler/util/HashtableOfObject;' in 'org/eclipse/jdt/internal/core/index/DiskIndex'
  # this:     rsi:rsi   = 'org/eclipse/jdt/internal/core/index/DiskIndex'
  # parm0:    rdx:rdx   = '[[C'
  # parm1:    rcx:rcx   = '[C'
  # parm2:    r8        = int
  # parm3:    r9:r9     = 'org/eclipse/jdt/internal/core/index/MemoryIndex'
  #           [sp+0xb0]  (sp of caller)
  0x00007f612e52c9a0: ;   {no_reloc}
  0x00007f612e52c9a0: 448b 5608 | 49bb 0000 | 00db 607f | 0000 4d03 | d349 3bc2 

  0x00007f612e52c9b4: ;   {runtime_call ic_miss_stub}
  0x00007f612e52c9b4: 0f85 c683 | e5fe 6690 | 0f1f 4000 
[Verified Entry Point]
  0x00007f612e52c9c0: 8984 2400 | c0fe ff55 | 4881 eca0 | 0000 0090 | 4181 7f20 | 0600 0000 | 0f85 b527 | 0000 4c89 
  0x00007f612e52c9e0: 4c24 5848 | 8914 2433 | c048 8bee | 443b 663c | 0f84 0907 | 0000 4885 | c90f 84f5 | 0900 0045 
  0x00007f612e52ca00: 8d98 0000 | 0080 4181 | fb03 0000 | 800f 8752 | 0000 0045 | 8bd0 4c8b | ca44 8b42 | 0c66 6690 
  0x00007f612e52ca20: 4585 c00f | 86d1 0600 | 0041 8bd8 | ffcb 413b | d80f 83c1 | 2000 0033 | ff45 33db | 33db 4889 
  0x00007f612e52ca40: 7424 4048 | 894c 2408 | 4489 5424 | 1044 8944 | 2438 4889 | 7c24 4844 | 895c 242c | 0f1f 4000 
  0x00007f612e52ca60: e904 0100 | 0045 8d50 | f641 81fa | f5ff ff7f | 7705 458b | d0eb 9f45 | 8bd0 660f | 1f44 0000 
  0x00007f612e52ca80: 4183 f808 | 0f84 6100 | 0000 4183 | f808 0f8c | e020 0000 | 4c8b c244 | 8b5a 0c0f | 1f44 0000 
  0x00007f612e52caa0: 4585 db0f | 8683 1200 | 0045 8bd3 | 41ff ca45 

  0x00007f612e52cab0: ;   {no_reloc}
  0x00007f612e52cab0: 3bd3 0f83 | 5021 0000 | 8b79 0c44 | 8bcf 41ff | c933 d233 | db45 33d2 | 4889 7424 | 3048 890c 
  0x00007f612e52cad0: 2444 895c | 2420 8bef | 4489 4c24 | 0848 8954 | 2438 895c | 2418 e964 | 0700 004c | 8bc2 448b 
  0x00007f612e52caf0: 5a0c 4585 | db0f 862a | 1200 0045 | 8bcb 41ff | c945 3bcb | 0f83 db20 | 0000 4533 | c933 db45 
  0x00007f612e52cb10: 33d2 4889 | 7424 1048 | 894c 2418 | 4489 5c24 | 2049 8be9 | 895c 240c | e965 0600 | 004c 8b54 
  0x00007f612e52cb30: 2448 4d85 | d20f 84dd | 0500 0048 | 8b6c 2448 | 8b5c 2428 | ffc3 3b5c | 2438 0f8d | ac05 0000 
  0x00007f612e52cb50: 4533 c04d | 85d2 410f | 95c0 4889 | 6c24 484c | 8b4c 2430 | 4489 4424 | 2c45 8b54 | 9910 895c 
  0x00007f612e52cb70: 2428 4c89 | 4c24 3049 | 8bd2 488b | 7424 4033 | c966 6690 

  0x00007f612e52cb84: ;   {optimized virtual_call}
  0x00007f612e52cb84: c5f8 77e8 

  0x00007f612e52cb88: ; ImmutableOopMap {[8]=Oop [48]=Oop [64]=Oop [72]=Oop [88]=Oop }
                      ;*invokevirtual readCategoryTable {reexecute=0 rethrow=0 return_oop=1}
                      ; - org.eclipse.jdt.internal.core.index.DiskIndex::addQueryResults@616 (line 249)
  0x00007f612e52cb88: d454 acff 

  0x00007f612e52cb8c: ;   {other}
  0x00007f612e52cb8c: 0f1f 8400 | fc05 0000 | 4885 c074 | 9444 8b40 | 1466 6690 

  0x00007f612e52cba0: ; implicit exception: dispatches to 0x00007f612e52efac
  0x00007f612e52cba0: 458b 480c | 4585 c976 | 848b 6818 | 458b d141 | ffca 453b | d10f 8391 | 1d00 004c | 8bdd 498b 
  0x00007f612e52cbc0: d833 c9eb | 2444 8b44 | 243c 448b | 4c24 504c | 8b1c 2448 | 8b5c 2418 | 8b4c 2414 | ffc1 6690 
  0x00007f612e52cbe0: 413b c90f | 8d44 ffff | ff45 8b54 | 8810 4585 | d274 e989 | 4c24 1448 | 895c 2418 | 4c89 1c24 
  0x00007f612e52cc00: 4489 4c24 | 5044 8944 | 243c 4d8b | da4c 895c | 2420 4489 | 5424 5448 | 8b74 2408 | 498b d38b 
  0x00007f612e52cc20: 4c24 1090 

  0x00007f612e52cc24: ;   {static_call}
  0x00007f612e52cc24: c5f8 77e8 

  0x00007f612e52cc28: ; ImmutableOopMap {rbp=NarrowOop [0]=Oop [8]=Oop [24]=Oop [32]=Oop [48]=Oop [60]=NarrowOop [64]=Oop [72]=Oop [84]=NarrowOop [88]=Oop }
                      ;*invokestatic isMatch {reexecute=0 rethrow=0 return_oop=0}
                      ; - org.eclipse.jdt.internal.core.index.DiskIndex::addQueryResults@667 (line 255)
  0x00007f612e52cc28: 1449 d7ff 

  0x00007f612e52cc2c: ;   {other}
  0x00007f612e52cc2c: 0f1f 8400 | 9c06 0001 | 85c0 748d | 448b cd44 | 8b55 0c8b | 5c24 1441 | 3bda 0f83 | 7817 0000 
  0x00007f612e52cc4c: 8b6c 9d10 | 488b 4c24 | 4848 85c9 | 0f84 d510 | 0000 448b | 5c24 2c45 | 85db 0f85 | 201a 0000 
  0x00007f612e52cc6c: 4c8b 5424 | 584d 85d2 | 0f85 a219 | 0000 895c | 2464 4489 | 4c24 6048 | 894c 2448 | 4d8b 87b8 
  0x00007f612e52cc8c: 0100 004d | 8bd0 4983 | c218 6666 | 0f1f 8400 | 0000 0000 | 4d3b 97c8 | 0100 000f | 833c 0d00 
  0x00007f612e52ccac: 004d 8997 | b801 0000 | 410f 0d8a | c000 0000 | 49c7 0001 

  0x00007f612e52ccc0: ;   {metadata('org/eclipse/jdt/internal/core/index/EntryResult')}
  0x00007f612e52ccc0: 0000 0041 | c740 0850 | 9775 0145 | 8960 0c4d | 8960 1044 | 8b4c 2454 | 4589 480c | 0f1f 4000 
  0x00007f612e52cce0: 85ed 0f84 | 081a 0000 | 4c89 4424 | 7044 894c | 2468 498b | 87b8 0100 | 004c 8bd0 | 4983 c218 
  0x00007f612e52cd00: 4d3b 97c8 | 0100 000f | 83ff 0c00 | 004d 8997 | b801 0000 | 410f 0d8a | c000 0000 | 48c7 0001 
  0x00007f612e52cd20: 0000 0041 | 0f0d 8a00 

  0x00007f612e52cd28: ;   {metadata('java/lang/Object'[])}
  0x00007f612e52cd28: 0100 00c7 | 4008 7012 | 0000 410f | 0d8a 4001 | 0000 c740 | 0c01 0000 | 0041 0f0d | 8a80 0100 
  0x00007f612e52cd48: 004c 8960 | 1089 6810 | 4c8b 5424 | 704c 8bd8 | 4c8b 4424 | 7045 8958 | 1049 c1ea | 0949 bb00 
  0x00007f612e52cd68: 2061 3d61 | 7f00 0047 | 8824 134c | 8b54 2448 | 458b 4a14 | 0f1f 4000 

  0x00007f612e52cd80: ; implicit exception: dispatches to 0x00007f612e52ef7c
  0x00007f612e52cd80: 418b 690c | 448b 5424 | 6841 8b52 | 0c49 8d7a | 1083 fa02 | 0f8c 1f03 | 0000 bb01 | 0000 0083 
  0x00007f612e52cda0: fa20 0f8c | 7501 0000 | 4533 d2c5 | d5ef edc5 | cdef f6c5 | c5ef ffc4 | 413d efc0 

  0x00007f612e52cdbc: ;   {external_word}
  0x00007f612e52cdbc: 49bb 40be | 403f 617f | 0000 458b | 03c4 c179 | 6ec0 c4e2 | 7d58 c044 | 8bda 4183 | e3e0 410f 
  0x00007f612e52cddc: afd8 c421 | 7a6f 0c57 | c421 7a6f | 5457 10c4 | 217a 6f5c | 5720 c421 | 7a6f 6457 | 30c4 e255 
  0x00007f612e52cdfc: 40e8 c442 | 7d33 c9c4 | c155 fee9 | c4e2 4d40 | f0c4 427d | 33d2 c4c1 | 4dfe f2c4 | e245 40f8 
  0x00007f612e52ce1c: c442 7d33 | dbc4 c145 | fefb c462 | 3d40 c0c4 | 427d 33e4 | c441 3dfe | c441 83c2 | 2045 3bd3 
  0x00007f612e52ce3c: 7c9c 4a8d | 3c5f 412b 

  0x00007f612e52ce44: ;   {external_word}
  0x00007f612e52ce44: d349 bb44 | be40 3f61 | 7f00 00c4 | c17e 6f0b | c4e2 5540 

  0x00007f612e52ce58: ;   {external_word}
  0x00007f612e52ce58: e949 bb64 | be40 3f61 | 7f00 00c4 | c17e 6f13 | c4e2 4d40 

  0x00007f612e52ce6c: ;   {external_word}
  0x00007f612e52ce6c: f249 bb84 | be40 3f61 | 7f00 00c4 | c17e 6f1b | c4e2 4540 

  0x00007f612e52ce80: ;   {external_word}
  0x00007f612e52ce80: fb49 bba4 | be40 3f61 | 7f00 00c4 | c17e 6f23 | c462 3d40 | c4c4 6255 | 02cd c443 | 7d39 ca01 
  0x00007f612e52cea0: c441 31fe | cac4 4231 | 02c9 c579 | 6ed3 c441 | 31fe cac5 | 797e cbc4 | 624d 02de | c443 7d39 
  0x00007f612e52cec0: dc01 c441 | 21fe dcc4 | 4221 02db | c579 6ee3 | c441 21fe | dcc5 797e | dbc4 6245 | 02cf c443 
  0x00007f612e52cee0: 7d39 ca01 | c441 31fe | cac4 4231 | 02c9 c579 | 6ed3 c441 | 31fe cac5 | 797e cbc4 | 423d 02d8 
  0x00007f612e52cf00: c443 7d39 | dc01 c441 | 21fe dcc4 | 4221 02db | c579 6ee3 | c441 21fe | dcc5 797e | db41 ba01 
  0x00007f612e52cf20: 0000 0044 | 3bd2 0f8d | 2e00 0000 | 41b8 c103 | 0000 410f | afd8 460f | b75c 57fe | 458b c341 
  0x00007f612e52cf40: c1e0 0545 | 2bc3 4103 | d846 0fb7 | 0457 4103 | d841 83c2 | 0244 3bd2 | 7cd2 7f12 | 448b dbc1 
  0x00007f612e52cf60: e305 412b | db46 0fb7 | 4457 fe41 | 03d8 8bc3 | 25ff ffff | 7f85 ed0f | 86c7 1500 | 003d 0000 
  0x00007f612e52cf80: ;   {no_reloc}
  0x00007f612e52cf80: 0080 7507 | 33d2 83fd | ff74 0399 | f7fd 3bd5 | 0f83 aa13 | 0000 458b | 5c91 104d | 8b97 5804 
  0x00007f612e52cfa0: ; ImmutableOopMap {r11=NarrowOop r9=NarrowOop [0]=Oop [8]=Oop [24]=Oop [32]=Oop [48]=Oop [60]=NarrowOop [64]=Oop [72]=Oop [88]=Oop [96]=NarrowOop [104]=NarrowOop [112]=Oop }
                      ;*ifnonnull {reexecute=1 rethrow=0 return_oop=0}
                      ; - (reexecute) org.eclipse.jdt.internal.compiler.util.HashtableOfObject::putUnsafely@36 (line 131)
                      ; - org.eclipse.jdt.internal.core.index.DiskIndex::addQueryResult@54 (line 161)
                      ; - org.eclipse.jdt.internal.core.index.DiskIndex::addQueryResults@687 (line 256)
                      ;   {poll}
  0x00007f612e52cfa0: 0000 4185 | 0245 85db | 0f84 3a00 | 0000 ffc2 | 3bd5 7430 | 0f1f 8400 | 0000 0000 | 6666 6690 
  0x00007f612e52cfc0: 3bd5 0f83 | 9817 0000 | 458b 5c91 | 104d 8b97 

  0x00007f612e52cfd0: ; ImmutableOopMap {r11=NarrowOop r9=NarrowOop [0]=Oop [8]=Oop [24]=Oop [32]=Oop [48]=Oop [60]=NarrowOop [64]=Oop [72]=Oop [88]=Oop [96]=NarrowOop [104]=NarrowOop [112]=Oop }
                      ;*ifnonnull {reexecute=1 rethrow=0 return_oop=0}
                      ; - (reexecute) org.eclipse.jdt.internal.compiler.util.HashtableOfObject::putUnsafely@36 (line 131)
                      ; - org.eclipse.jdt.internal.core.index.DiskIndex::addQueryResult@54 (line 161)
                      ; - org.eclipse.jdt.internal.core.index.DiskIndex::addQueryResults@687 (line 256)
  0x00007f612e52cfd0: 5804 0000 

  0x00007f612e52cfd4: ;   {poll}
  0x00007f612e52cfd4: 4185 0245 | 85db 740c | ffc2 6690 | 3bd5 75dc | 33d2 eba6 | 3bd5 0f83 | 5014 0000 | 4c8b 5424 
  0x00007f612e52cff4: 4841 8b4a | 1848 63da | 4d8b d148 | c1e3 024d | 8d54 1910 | 448b 5c24 | 6845 891a | 49c1 ea09 
  0x00007f612e52d014: 49bb 0020 | 613d 617f | 0000 4788 | 2413 448b | 510c 413b | d20f 8399 | 1400 0044 | 8b51 0866 
  0x00007f612e52d034: 0f1f 8400 | 0000 0000 | 6666 6690 

  0x00007f612e52d040: ;   {metadata('java/lang/Object'[])}
  0x00007f612e52d040: 4181 fa70 | 1200 000f | 850f 1500 | 004c 8b54 | 2448 458b | 5210 4c8b | 5c24 4845 | 8b43 0c4c 
  0x00007f612e52d060: 8b5c 2470 | 41ff c04c | 8b4c 2448 | 4589 410c | 4c8b c94c | 8d4c 1910 | 4589 194d | 8bd9 49c1 
  0x00007f612e52d080: eb09 49b9 | 0020 613d | 617f 0000 | 4788 2419 | 453b c20f | 8f43 0000 | 0044 8b44 | 243c 448b 
  0x00007f612e52d0a0: 4c24 508b | 6c24 604c | 8b1c 2448 | 8b5c 2418 | 8b4c 2464 | e923 fbff | ff0f 1f80 | 0000 0000 
  0x00007f612e52d0c0: 83fa 010f | 8556 0000 | 0085 d20f | 86b7 1800 | 000f b707 | 83c0 1fe9 | 99fe ffff | 488b 7424 
  0x00007f612e52d0e0: 488b 6c24 | 6466 6690 

  0x00007f612e52d0e8: ;   {optimized virtual_call}
  0x00007f612e52d0e8: c5f8 77e8 

  0x00007f612e52d0ec: ; ImmutableOopMap {[0]=Oop [8]=Oop [24]=Oop [48]=Oop [60]=NarrowOop [64]=Oop [72]=Oop [88]=Oop [96]=NarrowOop }
                      ;*invokevirtual rehash {reexecute=0 rethrow=0 return_oop=0}
                      ; - org.eclipse.jdt.internal.compiler.util.HashtableOfObject::putUnsafely@74 (line 141)
                      ; - org.eclipse.jdt.internal.core.index.DiskIndex::addQueryResult@54 (line 161)
                      ; - org.eclipse.jdt.internal.core.index.DiskIndex::addQueryResults@687 (line 256)
  0x00007f612e52d0ec: 90f6 86ff 

  0x00007f612e52d0f0: ;   {other}
  0x00007f612e52d0f0: 0f1f 8400 | 600b 0004 | eb9f 33ed | 488b c5c5 | f877 4881 | c4a0 0000 

  0x00007f612e52d108: ;   {poll_return}
  0x00007f612e52d108: 005d 493b | a750 0400 | 000f 8766 | 2000 00c3 | 33ed e921 | faff ffb8 | 0100 0000 | e94c feff 
  0x00007f612e52d128: ff0f 1f80 | 0000 0000 | 488b 7424 | 1048 8bd5 | 488b 4c24 | 184c 8bc0 | 4c8b 4c24 | 588b 7c24 
  0x00007f612e52d148: 0c66 6690 

  0x00007f612e52d14c: ;   {optimized virtual_call}
  0x00007f612e52d14c: c5f8 77e8 

  0x00007f612e52d150: ; ImmutableOopMap {[0]=Oop [16]=Oop [24]=Oop [88]=Oop }
                      ;*invokevirtual addQueryResult {reexecute=0 rethrow=0 return_oop=1}
                      ; - org.eclipse.jdt.internal.core.index.DiskIndex::addQueryResults@272 (line 210)
  0x00007f612e52d150: 8cf7 8bff 

  0x00007f612e52d154: ;   {other}
  0x00007f612e52d154: 0f1f 8400 | c40b 0005 | 0f1f 4000 | 4885 c00f | 847d 0200 | 0048 8be8 | 448b 5424 | 0841 ffc2 
  0x00007f612e52d174: 443b 5424 | 200f 8d7d | ffff ff45 | 33db 4885 | c041 0f95 | c344 895c | 240c 4c8b | 0424 478b 
  0x00007f612e52d194: 5c90 1044 | 8954 2408 | 4c89 0424 | 498b d348 | 8b74 2410 | 33c9 6690 

  0x00007f612e52d1ac: ;   {optimized virtual_call}
  0x00007f612e52d1ac: c5f8 77e8 

  0x00007f612e52d1b0: ; ImmutableOopMap {rbp=Oop [0]=Oop [16]=Oop [24]=Oop [88]=Oop }
                      ;*invokevirtual readCategoryTable {reexecute=0 rethrow=0 return_oop=1}
                      ; - org.eclipse.jdt.internal.core.index.DiskIndex::addQueryResults@240 (line 207)
  0x00007f612e52d1b0: ac4e acff 

  0x00007f612e52d1b4: ;   {other}
  0x00007f612e52d1b4: 0f1f 8400 | 240c 0006 | 0f1f 4000 | 4885 c00f | 8415 0200 | 0048 8bf0 | 488b 5424 | 1866 6690 
  0x00007f612e52d1d4: ;   {optimized virtual_call}
  0x00007f612e52d1d4: c5f8 77e8 

  0x00007f612e52d1d8: ; ImmutableOopMap {rbp=Oop [0]=Oop [16]=Oop [24]=Oop [88]=Oop }
                      ;*invokevirtual get {reexecute=0 rethrow=0 return_oop=1}
                      ; - org.eclipse.jdt.internal.core.index.DiskIndex::addQueryResults@253 (line 209)
  0x00007f612e52d1d8: a450 86ff 

  0x00007f612e52d1dc: ;   {other}
  0x00007f612e52d1dc: 0f1f 8400 | 4c0c 0007 | 4885 c00f | 8543 ffff | ff48 8bc5 | e967 ffff | ff48 8b14 | 248b cd44 
  0x00007f612e52d1fc: 8b6c 2408 | 4c8b 4424 | 384d 85c0 | 0f84 df01 | 0000 488b | 6c24 3844 | 8b54 241c | 41ff c20f 
  0x00007f612e52d21c: 1f44 0000 | 443b 5424 | 200f 8dd1 | feff ff45 | 33db 4d85 | c041 0f95 | c344 895c | 2418 4889 
  0x00007f612e52d23c: 6c24 3848 | 8914 244c | 8b44 2428 | 8be9 4489 | 6c24 0847 | 8b4c 9010 | 4489 5424 | 1c4c 8944 
  0x00007f612e52d25c: 2428 498b | d148 8b74 | 2430 33c9 

  0x00007f612e52d268: ;   {optimized virtual_call}
  0x00007f612e52d268: c5f8 77e8 

  0x00007f612e52d26c: ; ImmutableOopMap {[0]=Oop [40]=Oop [48]=Oop [56]=Oop [88]=Oop }
                      ;*invokevirtual readCategoryTable {reexecute=0 rethrow=0 return_oop=1}
                      ; - org.eclipse.jdt.internal.core.index.DiskIndex::addQueryResults@326 (line 216)
  0x00007f612e52d26c: f04d acff 

  0x00007f612e52d270: ;   {other}
  0x00007f612e52d270: 0f1f 8400 | e00c 0008 | 0f1f 8400 | 0000 0000 | 4885 c00f | 846c ffff | ff44 8b58 | 1445 8b4b 
  0x00007f612e52d290: 0c45 85c9 | 0f86 4a15 | 0000 8b58 | 1845 8bd1 | 41ff ca45 | 3bd1 0f83 | c017 0000 | 8bcd 85ed 
  0x00007f612e52d2b0: 0f86 ea17 | 0000 448b | 6c24 080f | 1f44 0000 | 443b ed0f | 83d7 1700 | 0045 33c0 | eb14 488b 
  0x00007f612e52d2d0: 1424 41ff | c045 3bc1 | 0f8d 22ff | ffff 4889 | 1424 438b | 7c83 1085 | ff74 e344 | 8b57 0c48 
  0x00007f612e52d2f0: 8b14 240f | b742 1066 | 0f1f 8400 | 0000 0000 | 4585 d20f | 862c 0c00 | 000f b777 | 103b c675 
  0x00007f612e52d310: c144 3bd1 | 0f8c be12 | 0000 4585 | ed7c 2e90 | 453b ea0f | 83d7 0f00 | 0045 8bd5 | 0f1f 4000 
  0x00007f612e52d330: 420f b744 | 5710 420f | b774 5210 | 0f1f 4000 | 3bf0 758e | 41ff ca41 | 83fa ff7f | e38b 730c 
  0x00007f612e52d350: 443b c60f | 83c7 1700 | 0044 894c | 2414 4489 | 6c24 0c89 | 4c24 0848 | 8914 2446 

  0x00007f612e52d36c: ;   {no_reloc}
  0x00007f612e52d36c: 8b4c 8310 | 4489 4424 | 404d 8bd3 | 4489 5c24 | 104d 8bc1 | 488b eb89 | 5c24 2448 | 8bcf 488b 
  0x00007f612e52d38c: 7424 3048 | 8b54 2438 | 4c8b 4c24 | 588b 7c24 | 184c 8954 | 2438 6690 

  0x00007f612e52d3a4: ;   {optimized virtual_call}
  0x00007f612e52d3a4: c5f8 77e8 

  0x00007f612e52d3a8: ; ImmutableOopMap {rbp=Oop [0]=Oop [16]=NarrowOop [36]=NarrowOop [40]=Oop [48]=Oop [56]=Oop [88]=Oop }
                      ;*invokevirtual addQueryResult {reexecute=0 rethrow=0 return_oop=1}
                      ; - org.eclipse.jdt.internal.core.index.DiskIndex::addQueryResults@406 (line 223)
  0x00007f612e52d3a8: d47c e5fe 

  0x00007f612e52d3ac: ;   {other}
  0x00007f612e52d3ac: 0f1f 8400 | 1c0e 0009 | 4889 4424 | 3848 8b14 | 248b 4c24 | 0844 8b6c | 240c 448b | 5c24 1044 
  0x00007f612e52d3cc: 8b4c 2414 | 8b5c 2424 | 448b 4424 | 40e9 f4fe | ffff 488b | c5e9 76fd | ffff 33ed | e97f fdff 
  0x00007f612e52d3ec: ff33 ede9 | 1ffe ffff | 4c8b d244 | 8b42 0c0f | 1f44 0000 | 4585 c00f | 86f1 fcff | ff45 8bc8 
  0x00007f612e52d40c: 41ff c945 | 3bc8 0f83 | 1418 0000 | 33c9 4533 | db45 33c9 | 4889 7424 | 3848 8be9 | 4489 4424 
  0x00007f612e52d42c: 1844 895c | 2410 eb2f | 488b 6c24 | 604c 8bd5 | 448b 4c24 | 1441 ffc1 | 443b 4c24 | 180f 8df6 
  0x00007f612e52d44c: 0500 0045 | 33c0 4d85 | d241 0f95 | c04c 8b54 | 2420 4489 | 4424 1047 | 8b44 8a10 | 4489 4c24 
  0x00007f612e52d46c: 144c 8954 | 2420 498b | d048 8b74 | 2438 b901 | 0000 0090 

  0x00007f612e52d480: ;   {optimized virtual_call}
  0x00007f612e52d480: c5f8 77e8 

  0x00007f612e52d484: ; ImmutableOopMap {rbp=Oop [32]=Oop [56]=Oop [88]=Oop }
                      ;*invokevirtual readCategoryTable {reexecute=0 rethrow=0 return_oop=1}
                      ; - org.eclipse.jdt.internal.core.index.DiskIndex::addQueryResults@43 (line 189)
  0x00007f612e52d484: f87b e5fe 

  0x00007f612e52d488: ;   {other}
  0x00007f612e52d488: 0f1f 8400 | f80e 000a | 4885 c00f | 8498 0500 | 0044 8b40 | 1844 8b50 | 1448 85ed | 0f84 cf05 
  0x00007f612e52d4a8: 0000 4889 | 6c24 6045 | 8b5a 0c45 | 85db 0f86 | 3813 0000 | 458b cb41 | ffc9 453b | cb0f 8309 
  0x00007f612e52d4c8: 1600 004d | 8bc8 498b | ca33 dbe9 | d800 0000 | 0f1f 8400 | 0000 0000 | 413b d00f | 836f 0b00 
  0x00007f612e52d4e8: 004c 8b54 | 2460 458b | 4218 4d8b | d14d 8d54 | 9110 448b | 4c24 5045 | 890a 49c1 | ea09 49bb 
  0x00007f612e52d508: 0020 613d | 617f 0000 | 4788 2413 

  0x00007f612e52d514: ; implicit exception: dispatches to 0x00007f612e52ef48
  0x00007f612e52d514: 458b 500c | 0f1f 8400 | 0000 0000 | 413b d20f | 83af 0b00 | 0045 8b50 

  0x00007f612e52d52c: ;   {metadata('java/lang/Object'[])}
  0x00007f612e52d52c: 0841 81fa | 7012 0000 | 0f85 220c | 0000 4c8b | 5424 6045 | 8b52 104c | 8b5c 2460 | 418b 4b0c 
  0x00007f612e52d54c: 4c8b 5c24 | 48ff c14c | 8b4c 2460 | 4189 490c | 4d8b c84d | 8d44 9010 | 4589 184d | 8bd8 49c1 
  0x00007f612e52d56c: eb09 49b8 | 0020 613d | 617f 0000 | 4788 2418 | 0f1f 4000 | 413b ca0f | 8ff1 0300 | 0044 8b44 
  0x00007f612e52d58c: 2440 448b | 5424 2844 | 8b5c 2430 | 4c8b 0c24 | 488b 4c24 | 088b 5c24 | 44ff c341 | 3bdb 0f8d 
  0x00007f612e52d5ac: 84fe ffff | 418b 7c9a | 1085 ff74 | ec89 7c24 | 5089 5c24 | 4448 894c | 2408 4c89 | 0c24 4489 
  0x00007f612e52d5cc: 5c24 3044 | 8954 2428 | 4489 4424 | 4045 8b50 | 0c66 6690 | 413b da0f | 8317 0a00 | 0044 8b54 
  0x00007f612e52d5ec: 2440 418b | 6c9a 1044 | 8b54 2410 | 0f1f 8400 | 0000 0000 | 4585 d20f | 85f3 0b00 | 004c 8b54 
  0x00007f612e52d60c: 2458 4d85 | d20f 85b1 | 0b00 004d | 8b9f b801 | 0000 4d8b | d349 83c2 | 184d 3b97 | c801 0000 
  0x00007f612e52d62c: ;   {no_reloc}
  0x00007f612e52d62c: 0f83 6d03 | 0000 4d89 | 97b8 0100 | 0041 0f0d | 8ac0 0000 | 0049 c703 | 0100 0000 

  0x00007f612e52d648: ;   {metadata('org/eclipse/jdt/internal/core/index/EntryResult')}
  0x00007f612e52d648: 41c7 4308 | 5097 7501 | 4589 630c | 4d89 6310 | 4c89 5c24 | 4844 8b44 | 2450 4589 | 430c 85ed 
  0x00007f612e52d668: 0f84 c20b | 0000 498b | 87b8 0100 | 004c 8bd0 | 4983 c218 | 0f1f 4000 | 4d3b 97c8 | 0100 000f 
  0x00007f612e52d688: 8338 0300 | 004d 8997 | b801 0000 | 410f 0d8a | c000 0000 | 48c7 0001 | 0000 0041 | 0f0d 8a00 
  0x00007f612e52d6a8: ;   {metadata('java/lang/Object'[])}
  0x00007f612e52d6a8: 0100 00c7 | 4008 7012 | 0000 410f | 0d8a 4001 | 0000 c740 | 0c01 0000 | 0041 0f0d | 8a80 0100 
  0x00007f612e52d6c8: 004c 8960 | 1089 6810 | 4c8b 5424 | 484c 8bc0 | 4c8b 5c24 | 4845 8943 | 1049 c1ea | 0949 bb00 
  0x00007f612e52d6e8: 2061 3d61 | 7f00 0047 | 8824 134c | 8b54 2460 | 458b 4a14 | 0f1f 4000 

  0x00007f612e52d700: ; implicit exception: dispatches to 0x00007f612e52ef30
  0x00007f612e52d700: 458b 410c | 448b 5424 | 5041 8b52 | 0c49 8bf2 | 498d 7a10 | 83fa 020f | 8c45 0200 | 00bb 0100 
  0x00007f612e52d720: 0000 83fa | 200f 8c6f | 0100 0033 | c9c5 d5ef | edc5 cdef | f6c5 c5ef | ffc4 413d 

  0x00007f612e52d73c: ;   {external_word}
  0x00007f612e52d73c: efc0 49bb | 40be 403f | 617f 0000 | 458b 13c4 | c179 6ec2 | c4e2 7d58 | c044 8bda | 4183 e3e0 
  0x00007f612e52d75c: 410f afda | c57a 6f0c | 4fc5 7a6f | 544f 10c5 | 7a6f 5c4f | 20c5 7a6f | 644f 30c4 | e255 40e8 
  0x00007f612e52d77c: c442 7d33 | c9c4 c155 | fee9 c4e2 | 4d40 f0c4 | 427d 33d2 | c4c1 4dfe | f2c4 e245 | 40f8 c442 
  0x00007f612e52d79c: 7d33 dbc4 | c145 fefb | c462 3d40 | c0c4 427d | 33e4 c441 | 3dfe c483 | c120 413b | cb7c a14a 
  0x00007f612e52d7bc: 8d3c 5f41 

  0x00007f612e52d7c0: ;   {external_word}
  0x00007f612e52d7c0: 2bd3 49bb | 44be 403f | 617f 0000 | c4c1 7e6f | 0bc4 e255 

  0x00007f612e52d7d4: ;   {external_word}
  0x00007f612e52d7d4: 40e9 49bb | 64be 403f | 617f 0000 | c4c1 7e6f | 13c4 e24d 

  0x00007f612e52d7e8: ;   {external_word}
  0x00007f612e52d7e8: 40f2 49bb | 84be 403f | 617f 0000 | c4c1 7e6f | 1bc4 e245 

  0x00007f612e52d7fc: ;   {external_word}
  0x00007f612e52d7fc: 40fb 49bb | a4be 403f | 617f 0000 | c4c1 7e6f | 23c4 623d | 40c4 c462 | 5502 cdc4 | 437d 39ca 
  0x00007f612e52d81c: 01c4 4131 | feca c442 | 3102 c9c5 | 796e d3c4 | 4131 feca | c579 7ecb | c462 4d02 | dec4 437d 
  0x00007f612e52d83c: 39dc 01c4 | 4121 fedc | c442 2102 | dbc5 796e | e3c4 4121 | fedc c579 | 7edb c462 | 4502 cfc4 
  0x00007f612e52d85c: 437d 39ca | 01c4 4131 | feca c442 | 3102 c9c5 | 796e d3c4 | 4131 feca | c579 7ecb | c442 3d02 
  0x00007f612e52d87c: d8c4 437d | 39dc 01c4 | 4121 fedc | c442 2102 | dbc5 796e | e3c4 4121 | fedc c579 | 7edb b901 
  0x00007f612e52d89c: 0000 003b | ca0f 8d2c | 0000 0041 | bac1 0300 | 0041 0faf | da44 0fb7 | 5c4f fe45 | 8bd3 41c1 
  0x00007f612e52d8bc: e205 452b | d341 03da | 440f b714 | 4f41 03da | 83c1 023b | ca7c d47f | 1244 8bdb | c1e3 0541 
  0x00007f612e52d8dc: 2bdb 440f | b754 4ffe | 4103 da8b | c325 ffff | ff7f 4585 | c00f 864d | 0800 003d | 0000 0080 
  0x00007f612e52d8fc: ;   {no_reloc}
  0x00007f612e52d8fc: 7508 33d2 | 4183 f8ff | 7404 9941 | f7f8 413b | d00f 8361 | 0600 0045 | 8b54 9110 | 4d8b 9f58 
  0x00007f612e52d91c: ; ImmutableOopMap {r10=NarrowOop r9=NarrowOop rsi=Oop [0]=Oop [8]=Oop [32]=Oop [40]=NarrowOop [56]=Oop [64]=NarrowOop [72]=Oop [80]=NarrowOop [88]=Oop [96]=Oop }
                      ;*ifnonnull {reexecute=1 rethrow=0 return_oop=0}
                      ; - (reexecute) org.eclipse.jdt.internal.compiler.util.HashtableOfObject::putUnsafely@36 (line 131)
                      ; - org.eclipse.jdt.internal.core.index.DiskIndex::addQueryResult@54 (line 161)
                      ; - org.eclipse.jdt.internal.core.index.DiskIndex::addQueryResults@122 (line 197)
                      ;   {poll}
  0x00007f612e52d91c: 0400 0041 | 8503 4585 | d20f 84ad | fbff ffff | c241 3bd0 | 7428 413b | d00f 8339 | 0900 0045 
  0x00007f612e52d93c: 8b54 9110 | 4d8b 9f58 

  0x00007f612e52d944: ; ImmutableOopMap {r10=NarrowOop r9=NarrowOop rsi=Oop [0]=Oop [8]=Oop [32]=Oop [40]=NarrowOop [56]=Oop [64]=NarrowOop [72]=Oop [80]=NarrowOop [88]=Oop [96]=Oop }
                      ;*ifnonnull {reexecute=1 rethrow=0 return_oop=0}
                      ; - (reexecute) org.eclipse.jdt.internal.compiler.util.HashtableOfObject::putUnsafely@36 (line 131)
                      ; - org.eclipse.jdt.internal.core.index.DiskIndex::addQueryResult@54 (line 161)
                      ; - org.eclipse.jdt.internal.core.index.DiskIndex::addQueryResults@122 (line 197)
                      ;   {poll}
  0x00007f612e52d944: 0400 0041 | 8503 4585 | d20f 8485 | fbff ffff | c241 3bd0 | 75d8 33d2 | 0f1f 4000 | eba8 83fa 
  0x00007f612e52d964: 0175 2e85 | d20f 868f | 0e00 000f | b707 83c0 | 1fe9 74ff | ffff 488b | 7424 6090 

  0x00007f612e52d980: ;   {optimized virtual_call}
  0x00007f612e52d980: c5f8 77e8 

  0x00007f612e52d984: ; ImmutableOopMap {[0]=Oop [8]=Oop [32]=Oop [40]=NarrowOop [56]=Oop [64]=NarrowOop [88]=Oop [96]=Oop }
                      ;*invokevirtual rehash {reexecute=0 rethrow=0 return_oop=0}
                      ; - org.eclipse.jdt.internal.compiler.util.HashtableOfObject::putUnsafely@74 (line 141)
                      ; - org.eclipse.jdt.internal.core.index.DiskIndex::addQueryResult@54 (line 161)
                      ; - org.eclipse.jdt.internal.core.index.DiskIndex::addQueryResults@122 (line 197)
  0x00007f612e52d984: f876 e5fe 

  0x00007f612e52d988: ;   {other}
  0x00007f612e52d988: 0f1f 8400 | f813 000d | e9f4 fbff | ffb8 0100 | 0000 e94f 

  0x00007f612e52d99c: ;   {metadata('org/eclipse/jdt/internal/core/index/EntryResult')}
  0x00007f612e52d99c: ffff ff48 | be50 9775 | dc60 7f00 | 0066 6690 

  0x00007f612e52d9ac: ;   {runtime_call _new_instance_Java}
  0x00007f612e52d9ac: c5f8 77e8 

  0x00007f612e52d9b0: ; ImmutableOopMap {rbp=NarrowOop [0]=Oop [8]=Oop [32]=Oop [40]=NarrowOop [56]=Oop [64]=NarrowOop [80]=NarrowOop [88]=Oop [96]=Oop }
                      ;*new {reexecute=0 rethrow=0 return_oop=1}
                      ; - org.eclipse.jdt.internal.core.index.DiskIndex::addQueryResult@45 (line 161)
                      ; - org.eclipse.jdt.internal.core.index.DiskIndex::addQueryResults@122 (line 197)
  0x00007f612e52d9b0: 4ce7 f0fe 

  0x00007f612e52d9b4: ;   {other}
  0x00007f612e52d9b4: 0f1f 8400 | 2414 000e | 4c8b d890 | e993 fcff 

  0x00007f612e52d9c4: ;   {metadata('java/lang/Object'[])}
  0x00007f612e52d9c4: ff48 be70 | 1200 db60 | 7f00 00ba | 0100 0000 

  0x00007f612e52d9d4: ;   {runtime_call _new_array_Java}
  0x00007f612e52d9d4: c5f8 77e8 

  0x00007f612e52d9d8: ; ImmutableOopMap {rbp=NarrowOop [0]=Oop [8]=Oop [32]=Oop [40]=NarrowOop [56]=Oop [64]=NarrowOop [72]=Oop [80]=NarrowOop [88]=Oop [96]=Oop }
                      ;*anewarray {reexecute=0 rethrow=0 return_oop=1}
                      ; - org.eclipse.jdt.internal.core.index.EntryResult::<init>@15 (line 28)
                      ; - org.eclipse.jdt.internal.core.index.DiskIndex::addQueryResult@51 (line 161)
                      ; - org.eclipse.jdt.internal.core.index.DiskIndex::addQueryResults@122 (line 197)
  0x00007f612e52d9d8: a4af f0fe 

  0x00007f612e52d9dc: ;   {other}
  0x00007f612e52d9dc: 0f1f 8400 | 4c14 000f | e9e4 fcff 

  0x00007f612e52d9e8: ;   {metadata('org/eclipse/jdt/internal/core/index/EntryResult')}
  0x00007f612e52d9e8: ff48 be50 | 9775 dc60 | 7f00 0090 

  0x00007f612e52d9f4: ;   {runtime_call _new_instance_Java}
  0x00007f612e52d9f4: c5f8 77e8 

  0x00007f612e52d9f8: ; ImmutableOopMap {rbp=NarrowOop [0]=Oop [8]=Oop [24]=Oop [32]=Oop [48]=Oop [60]=NarrowOop [64]=Oop [72]=Oop [84]=NarrowOop [88]=Oop [96]=NarrowOop }
                      ;*new {reexecute=0 rethrow=0 return_oop=1}
                      ; - org.eclipse.jdt.internal.core.index.DiskIndex::addQueryResult@45 (line 161)
                      ; - org.eclipse.jdt.internal.core.index.DiskIndex::addQueryResults@687 (line 256)
  0x00007f612e52d9f8: 04e7 f0fe 

  0x00007f612e52d9fc: ;   {other}
  0x00007f612e52d9fc: 0f1f 8400 | 6c14 0010 | 4c8b c0e9 | c7f2 ffff 

  0x00007f612e52da0c: ;   {metadata('java/lang/Object'[])}
  0x00007f612e52da0c: 48be 7012 | 00db 607f | 0000 ba01 | 0000 0090 

  0x00007f612e52da1c: ;   {runtime_call _new_array_Java}
  0x00007f612e52da1c: c5f8 77e8 

  0x00007f612e52da20: ; ImmutableOopMap {rbp=NarrowOop [0]=Oop [8]=Oop [24]=Oop [32]=Oop [48]=Oop [60]=NarrowOop [64]=Oop [72]=Oop [88]=Oop [96]=NarrowOop [104]=NarrowOop [112]=Oop }
                      ;*anewarray {reexecute=0 rethrow=0 return_oop=1}
                      ; - org.eclipse.jdt.internal.core.index.EntryResult::<init>@15 (line 28)
                      ; - org.eclipse.jdt.internal.core.index.DiskIndex::addQueryResult@51 (line 161)
                      ; - org.eclipse.jdt.internal.core.index.DiskIndex::addQueryResults@687 (line 256)
  0x00007f612e52da20: 5caf f0fe 

  0x00007f612e52da24: ;   {other}
  0x00007f612e52da24: 0f1f 8400 | 9414 0011 | e91c f3ff | ff48 85ed | 0f85 fff9 | ffff 4c8b | d533 ed90 | e9f7 f9ff 
  0x00007f612e52da44: ff48 85ed | 0f84 acf6 | ffff 4c8b | 5424 3845 | 3b62 440f | 859f f6ff | ff48 8b74 | 2438 6690 
  0x00007f612e52da64: ;   {optimized virtual_call}
  0x00007f612e52da64: c5f8 77e8 

  0x00007f612e52da68: ; ImmutableOopMap {rbp=Oop }
                      ;*invokevirtual cacheDocumentNames {reexecute=0 rethrow=0 return_oop=0}
                      ; - org.eclipse.jdt.internal.core.index.DiskIndex::addQueryResults@172 (line 202)
  0x00007f612e52da68: 1476 e5fe 

  0x00007f612e52da6c: ;   {other}
  0x00007f612e52da6c: 0f1f 8400 | dc14 0012 | e983 f6ff | ff4d 8b8f | b801 0000 | 4d8b d949 | 83c3 204d | 3b9f c801 
  0x00007f612e52da8c: 0000 0f83 | f00d 0000 | 4d89 9fb8 | 0100 0041 | 0f0d 8bc0 | 0000 0049 | c701 0100 

  0x00007f612e52daa8: ;   {metadata('org/eclipse/jdt/internal/compiler/util/HashtableOfObject')}
  0x00007f612e52daa8: 0000 41c7 | 4108 e087 | 6d01 4589 | 610c 4d89 | 6110 4d89 | 6118 8b68 | 0c85 ed0f | 8c9c 1300 
  0x00007f612e52dac8: 00c5 fa2a 

  0x00007f612e52dacc: ;   {section_word}
  0x00007f612e52dacc: c5c5 fa59 | 0dab eeff | ffc5 7a2c | d941 81fb | 0000 0080 | 0f84 8216 | 0000 413b | eb0f 8495 
  0x00007f612e52daec: 0b00 0041 | 8969 1041 | 8bdb ffcb | 0f1f 8400 | 0000 0000 | 81fb fdff | ff7f 0f83 | 8013 0000 
  0x00007f612e52db0c: 4181 fb00 | 0004 000f | 8744 1300 | 0049 63cb | 0f1f 4000 | 4181 fb00 | 0004 000f | 8798 0d00 
  0x00007f612e52db2c: 0049 8bb7 | b801 0000 | 488d 0c8d | 1700 0000 | 488b d948 | 83e3 f848 | 8bd6 4803 | d349 3b97 
  0x00007f612e52db4c: c801 0000 | 0f83 6f0d | 0000 4989 | 97b8 0100 | 000f 0d8a | c000 0000 | 48c7 0601 | 0000 000f 
  0x00007f612e52db6c: 0d8a 0001 

  0x00007f612e52db70: ;   {metadata({type array char}[])}
  0x00007f612e52db70: 0000 c746 | 0898 b30d | 0144 895e | 0c0f 0d8a | 4001 0000 | 488b fe48 | 83c7 100f | 0d8a 8001 
  0x00007f612e52db90: 0000 48c1 | e903 4883 | c1fe 4833 | c048 83f9 | 087f 1048 | ffc9 784f | 4889 04cf | 48ff c97d 
  0x00007f612e52dbb0: f7eb 44c5 | fdef c0e9 | 0d00 0000 | c5fe 7f07 | c5fe 7f47 | 2048 83c7 | 4048 83e9 | 087d ed48 
  0x00007f612e52dbd0: 83c1 047c | 0cc5 fe7f | 0748 83c7 | 2048 83e9 | 0448 83c1 | 047e 1048 | ffc9 c5f9 | d607 4883 
  0x00007f612e52dbf0: c708 48ff | c97d f349 | 8bc9 488b | de41 8959 | 1448 c1e9 | 0948 bb00 | 2061 3d61 | 7f00 0044 
  0x00007f612e52dc10: 8824 0b66 | 0f1f 8400 | 0000 0000 | 6666 6690 | 4181 fb00 | 0004 000f | 87e0 0c00 | 0049 8bb7 
  0x00007f612e52dc30: b801 0000 | 4963 cb48 | 8d0c 8d17 | 0000 0048 | 8bd9 4883 | e3f8 488b | d648 03d3 | 493b 97c8 
  0x00007f612e52dc50: 0100 000f | 83b4 0c00 | 0049 8997 | b801 0000 | 0f0d 8ac0 | 0000 0048 | c706 0100 | 0000 0f0d 
  0x00007f612e52dc70: ;   {no_reloc}
  0x00007f612e52dc70: 8a00 0100 

  0x00007f612e52dc74: ;   {metadata('java/lang/Object'[])}
  0x00007f612e52dc74: 00c7 4608 | 7012 0000 | 4489 5e0c | 0f0d 8a40 | 0100 0048 | 8bfe 4883 | c710 0f0d | 8a80 0100 
  0x00007f612e52dc94: 0048 c1e9 | 0348 83c1 | fe48 33c0 | 4883 f908 | 7f10 48ff | c978 4f48 | 8904 cf48 | ffc9 7df7 
  0x00007f612e52dcb4: eb44 c5fd | efc0 e90d | 0000 00c5 | fe7f 07c5 | fe7f 4720 | 4883 c740 | 4883 e908 | 7ded 4883 
  0x00007f612e52dcd4: c104 7c0c | c5fe 7f07 | 4883 c720 | 4883 e904 | 4883 c104 | 7e10 48ff | c9c5 f9d6 | 0748 83c7 
  0x00007f612e52dcf4: 0848 ffc9 | 7df3 4d8b | d948 8bce | 4189 4918 | 49c1 eb09 | 48b9 0020 | 613d 617f | 0000 4688 
  0x00007f612e52dd14: 2419 4c89 | 4c24 600f | 1f44 0000 | e98a f7ff | ff33 ede9 | d0f3 ffff | 33ed e9c9 | f3ff ff89 
  0x00007f612e52dd34: 5c24 4844 | 894c 2414 | 4d8b 97b8 | 0100 004d | 8bda 4983 | c320 4d3b | 9fc8 0100 | 000f 83a1 
  0x00007f612e52dd54: 0c00 004d | 899f b801 | 0000 410f | 0d8b c000 | 0000 49c7 | 0201 0000 

  0x00007f612e52dd6c: ;   {metadata('org/eclipse/jdt/internal/compiler/util/HashtableOfObject')}
  0x00007f612e52dd6c: 0041 c742 | 08e0 876d | 0145 8962 | 0c4d 8962 | 1849 c742 | 100d 0000 | 004c 8954 | 2460 4d8b 
  0x00007f612e52dd8c: 97b8 0100 | 004d 8bda | 4983 c368 | 0f1f 8400 | 0000 0000 | 4d3b 9fc8 | 0100 000f | 836f 0c00 
  0x00007f612e52ddac: 004d 899f | b801 0000 | 410f 0d8b | c000 0000 | 49c7 0201 | 0000 0041 | 0f0d 8b00 

  0x00007f612e52ddc8: ;   {metadata({type array char}[])}
  0x00007f612e52ddc8: 0100 0041 | c742 0898 | b30d 0141 | 0f0d 8b40 | 0100 0041 | c742 0c16 | 0000 0041 | 0f0d 8b80 
  0x00007f612e52dde8: 0100 0049 | 8bfa 4883 | c710 b90b | 0000 00c5 | fdef c0e9 | 0d00 0000 | c5fe 7f07 | c5fe 7f47 
  0x00007f612e52de08: 2048 83c7 | 4048 83e9 | 087d ed48 | 83c1 047c | 0cc5 fe7f | 0748 83c7 | 2048 83e9 | 0448 83c1 
  0x00007f612e52de28: 047e 1048 | ffc9 c5f9 | d607 4883 | c708 48ff | c97d f34c | 8b5c 2460 | 4c8b 4424 | 6045 8950 
  0x00007f612e52de48: 1449 c1eb | 0949 ba00 | 2061 3d61 | 7f00 0047 | 8824 1a4d | 8b97 b801 | 0000 4d8b | da49 83c3 
  0x00007f612e52de68: 684d 3b9f | c801 0000 | 0f83 cf0b | 0000 4d89 | 9fb8 0100 | 0041 0f0d | 8bc0 0000 | 0049 c702 
  0x00007f612e52de88: 0100 0000 | 410f 0d8b | 0001 0000 

  0x00007f612e52de94: ;   {metadata('java/lang/Object'[])}
  0x00007f612e52de94: 41c7 4208 | 7012 0000 | 410f 0d8b | 4001 0000 | 41c7 420c | 1600 0000 | 410f 0d8b | 8001 0000 
  0x00007f612e52deb4: 498b fa48 | 83c7 10b9 | 0b00 0000 | c5fd efc0 | e90d 0000 | 00c5 fe7f | 07c5 fe7f | 4720 4883 
  0x00007f612e52ded4: c740 4883 | e908 7ded | 4883 c104 | 7c0c c5fe | 7f07 4883 | c720 4883 | e904 4883 | c104 7e10 
  0x00007f612e52def4: 48ff c9c5 | f9d6 0748 | 83c7 0848 | ffc9 7df3 | 4c8b 5c24 | 604c 8b44 | 2460 4589 | 5018 49c1 
  0x00007f612e52df14: eb09 49ba | 0020 613d | 617f 0000 | 4788 241a | 498b c844 | 8b4c 2414 | 8b5c 2448 | e929 edff 
  0x00007f612e52df34: ffbe e4ff | ffff 488b | 6c24 304c | 8b54 2438 | 4c89 5424 | 1044 895c | 2424 4489 | 4424 3044 
  0x00007f612e52df54: 894c 2434 | 8944 243c | 897c 2440 | 895c 2444 

  0x00007f612e52df64: ;   {runtime_call UncommonTrapBlob}
  0x00007f612e52df64: c5f8 77e8 

  0x00007f612e52df68: ; ImmutableOopMap {rbp=Oop [0]=Oop [16]=Oop [36]=NarrowOop [40]=Oop [64]=NarrowOop [68]=NarrowOop [88]=Oop }
                      ;*caload {reexecute=0 rethrow=0 return_oop=0}
                      ; - org.eclipse.jdt.internal.core.index.DiskIndex::addQueryResults@379 (line 222)
  0x00007f612e52df68: 94c3 e5fe 

  0x00007f612e52df6c: ;   {other}
  0x00007f612e52df6c: 0f1f 8400 | dc19 0013 | bee4 ffff | ff48 8b6c | 2438 448b | 5424 1044 | 8954 2408 | 448b 5c24 
  0x00007f612e52df8c: 1444 895c | 240c 448b | 5424 1844 | 8954 2410 | 4c8b 5424 | 204c 8954 | 2418 448b | 5424 2844 
  0x00007f612e52dfac: 8954 2414 | 448b 5c24 | 4044 895c | 2420 448b | 5424 4444 | 8954 2424 | 448b 5c24 | 3044 895c 
  0x00007f612e52dfcc: 2428 448b | 5424 5044 | 8954 242c | 4c8b 5424 | 484c 8954 | 2440 4489 | 4424 4844 | 894c 2450 
  0x00007f612e52dfec: 8954 2454 

  0x00007f612e52dff0: ;   {runtime_call UncommonTrapBlob}
  0x00007f612e52dff0: c5f8 77e8 

  0x00007f612e52dff4: ; ImmutableOopMap {rbp=Oop [20]=NarrowOop [24]=Oop [32]=NarrowOop [44]=NarrowOop [64]=Oop [80]=NarrowOop [88]=Oop [96]=Oop }
                      ;*aaload {reexecute=0 rethrow=0 return_oop=0}
                      ; - org.eclipse.jdt.internal.compiler.util.HashtableOfObject::putUnsafely@35 (line 131)
                      ; - org.eclipse.jdt.internal.core.index.DiskIndex::addQueryResult@54 (line 161)
                      ; - org.eclipse.jdt.internal.core.index.DiskIndex::addQueryResults@122 (line 197)
  0x00007f612e52dff4: 08c3 e5fe 

  0x00007f612e52dff8: ;   {other}
  0x00007f612e52dff8: 0f1f 8400 | 681a 0014 | bee4 ffff | ff48 8b6c | 2438 448b | 5c24 1044 | 895c 2408 | 448b 5424 
  0x00007f612e52e018: 1444 8954 | 240c 448b | 5c24 1844 | 895c 2410 | 4c8b 5424 | 204c 8954 | 2418 448b | 5424 2844 
  0x00007f612e52e038: 8954 2414 | 448b 5c24 | 3044 895c | 2428 6690 

  0x00007f612e52e048: ;   {runtime_call UncommonTrapBlob}
  0x00007f612e52e048: c5f8 77e8 

  0x00007f612e52e04c: ; ImmutableOopMap {rbp=Oop [20]=NarrowOop [24]=Oop [64]=NarrowOop [80]=NarrowOop [88]=Oop [96]=Oop }
                      ;*aaload {reexecute=0 rethrow=0 return_oop=0}
                      ; - org.eclipse.jdt.internal.core.index.DiskIndex::addQueryResults@117 (line 197)
  0x00007f612e52e04c: b0c2 e5fe 

  0x00007f612e52e050: ;   {other}
  0x00007f612e52e050: 0f1f 8400 | c01a 0015 | bee4 ffff | ff48 8b6c | 2438 448b | 5424 1044 | 8954 2408 | 448b 5c24 
  0x00007f612e52e070: 1444 895c | 240c 448b | 5424 1844 | 8954 2410 | 4c8b 5424 | 204c 8954 | 2418 448b | 5c24 2844 
  0x00007f612e52e090: 895c 2414 | 448b 5c24 | 4044 895c | 2420 448b | 5424 4444 | 8954 2424 | 448b 5c24 | 3044 895c 
  0x00007f612e52e0b0: 2428 4c8b | 5424 484c | 8954 2440 | 4489 4c24 | 4889 5424 | 4c66 6690 

  0x00007f612e52e0c8: ;   {runtime_call UncommonTrapBlob}
  0x00007f612e52e0c8: c5f8 77e8 

  0x00007f612e52e0cc: ; ImmutableOopMap {rbp=Oop [20]=NarrowOop [24]=Oop [32]=NarrowOop [64]=Oop [72]=NarrowOop [80]=NarrowOop [88]=Oop [96]=Oop }
                      ;*aastore {reexecute=1 rethrow=0 return_oop=0}
                      ; - (reexecute) org.eclipse.jdt.internal.compiler.util.HashtableOfObject::putUnsafely@46 (line 136)
                      ; - org.eclipse.jdt.internal.core.index.DiskIndex::addQueryResult@54 (line 161)
                      ; - org.eclipse.jdt.internal.core.index.DiskIndex::addQueryResults@122 (line 197)
  0x00007f612e52e0cc: 30c2 e5fe 

  0x00007f612e52e0d0: ;   {other}
  0x00007f612e52e0d0: 0f1f 8400 | 401b 0016 | bee4 ffff | ff48 8b6c | 2438 448b | 5424 1044 | 8954 2408 | 448b 5c24 
  0x00007f612e52e0f0: 1444 895c | 240c 448b | 5424 1844 | 8954 2410 | 4c8b 5424 | 204c 8954 | 2418 448b | 5424 2844 
  0x00007f612e52e110: 8954 2414 | 448b 5424 | 4044 8954 | 2420 448b | 5424 3044 | 8954 2428 | 4489 4424 | 2c89 5424 
  0x00007f612e52e130: 4066 6690 

  0x00007f612e52e134: ;   {runtime_call UncommonTrapBlob}
  0x00007f612e52e134: c5f8 77e8 

  0x00007f612e52e138: ; ImmutableOopMap {rbp=Oop [20]=NarrowOop [24]=Oop [32]=NarrowOop [44]=NarrowOop [72]=Oop [88]=Oop [96]=Oop }
                      ;*aastore {reexecute=1 rethrow=0 return_oop=0}
                      ; - (reexecute) org.eclipse.jdt.internal.compiler.util.HashtableOfObject::putUnsafely@54 (line 137)
                      ; - org.eclipse.jdt.internal.core.index.DiskIndex::addQueryResult@54 (line 161)
                      ; - org.eclipse.jdt.internal.core.index.DiskIndex::addQueryResults@122 (line 197)
  0x00007f612e52e138: c4c1 e5fe 

  0x00007f612e52e13c: ;   {other}
  0x00007f612e52e13c: 0f1f 8400 | ac1b 0017 | be86 ffff | ff8b e890 

  0x00007f612e52e14c: ;   {runtime_call UncommonTrapBlob}
  0x00007f612e52e14c: c5f8 77e8 

  0x00007f612e52e150: ; ImmutableOopMap {}
                      ;*irem {reexecute=0 rethrow=0 return_oop=0}
                      ; - org.eclipse.jdt.internal.compiler.util.HashtableOfObject::putUnsafely@11 (line 130)
                      ; - org.eclipse.jdt.internal.core.index.DiskIndex::addQueryResult@54 (line 161)
                      ; - org.eclipse.jdt.internal.core.index.DiskIndex::addQueryResults@122 (line 197)
  0x00007f612e52e150: acc1 e5fe 

  0x00007f612e52e154: ;   {other}
  0x00007f612e52e154: 0f1f 8400 | c41b 0018 | bed6 ffff | ff48 8b6c | 2438 448b | 5c24 1044 | 895c 2408 | 448b 5424 
  0x00007f612e52e174: 1444 8954 | 240c 448b | 5c24 1844 | 895c 2410 | 4c8b 5424 | 204c 8954 | 2418 448b | 5c24 2844 
  0x00007f612e52e194: 895c 2414 | 448b 5424 | 4044 8954 | 2420 448b | 5424 3044 | 8954 2428 | 4489 4424 | 2c89 5424 
  0x00007f612e52e1b4: 4066 6690 

  0x00007f612e52e1b8: ;   {runtime_call UncommonTrapBlob}
  0x00007f612e52e1b8: c5f8 77e8 

  0x00007f612e52e1bc: ; ImmutableOopMap {rbp=Oop [20]=NarrowOop [24]=Oop [32]=NarrowOop [44]=NarrowOop [72]=Oop [88]=Oop [96]=Oop }
                      ;*aastore {reexecute=1 rethrow=0 return_oop=0}
                      ; - (reexecute) org.eclipse.jdt.internal.compiler.util.HashtableOfObject::putUnsafely@54 (line 137)
                      ; - org.eclipse.jdt.internal.core.index.DiskIndex::addQueryResult@54 (line 161)
                      ; - org.eclipse.jdt.internal.core.index.DiskIndex::addQueryResults@122 (line 197)
  0x00007f612e52e1bc: 40c1 e5fe 

  0x00007f612e52e1c0: ;   {other}
  0x00007f612e52e1c0: 0f1f 8400 | 301c 0019 | be45 ffff | ff44 8b5c | 2428 4489 | 5c24 1c44 | 8b54 2440 | 4489 5424 
  0x00007f612e52e1e0: 2889 5c24 | 2c89 7c24 | 3466 6690 

  0x00007f612e52e1ec: ;   {runtime_call UncommonTrapBlob}
  0x00007f612e52e1ec: c5f8 77e8 

  0x00007f612e52e1f0: ; ImmutableOopMap {rbp=NarrowOop [28]=NarrowOop [32]=Oop [40]=NarrowOop [52]=NarrowOop [56]=Oop [88]=Oop [96]=Oop }
                      ;*ifnonnull {reexecute=1 rethrow=0 return_oop=0}
                      ; - (reexecute) org.eclipse.jdt.internal.core.index.DiskIndex::addQueryResult@35 (line 159)
                      ; - org.eclipse.jdt.internal.core.index.DiskIndex::addQueryResults@122 (line 197)
  0x00007f612e52e1f0: 0cc1 e5fe 

  0x00007f612e52e1f4: ;   {other}
  0x00007f612e52e1f4: 0f1f 8400 | 641c 001a | be45 ffff | ff44 8b5c | 2428 4489 | 5c24 1c44 | 8b54 2440 | 4489 5424 
  0x00007f612e52e214: 2889 5c24 | 2c89 7c24 | 3466 6690 

  0x00007f612e52e220: ;   {runtime_call UncommonTrapBlob}
  0x00007f612e52e220: c5f8 77e8 

  0x00007f612e52e224: ; ImmutableOopMap {rbp=NarrowOop [28]=NarrowOop [32]=Oop [40]=NarrowOop [52]=NarrowOop [56]=Oop [88]=Oop [96]=Oop }
                      ;*ifeq {reexecute=1 rethrow=0 return_oop=0}
                      ; - (reexecute) org.eclipse.jdt.internal.core.index.DiskIndex::addQueryResult@16 (line 158)
                      ; - org.eclipse.jdt.internal.core.index.DiskIndex::addQueryResults@122 (line 197)
  0x00007f612e52e224: d8c0 e5fe 

  0x00007f612e52e228: ;   {other}
  0x00007f612e52e228: 0f1f 8400 | 981c 001b | be45 ffff | ff4c 8b54 | 2438 4c89 | 1424 448b | 5c24 2844 | 895c 241c 
  0x00007f612e52e248: 448b 5424 | 4044 8954 | 2428 448b | 5c24 4444 | 895c 242c | 4489 4424 | 3466 6690 

  0x00007f612e52e264: ;   {runtime_call UncommonTrapBlob}
  0x00007f612e52e264: c5f8 77e8 

  0x00007f612e52e268: ; ImmutableOopMap {rbp=NarrowOop [0]=Oop [28]=NarrowOop [32]=Oop [40]=NarrowOop [52]=NarrowOop [72]=Oop [88]=Oop [96]=Oop }
                      ;*ifnull {reexecute=1 rethrow=0 return_oop=0}
                      ; - (reexecute) org.eclipse.jdt.internal.core.index.EntryResult::<init>@10 (line 27)
                      ; - org.eclipse.jdt.internal.core.index.DiskIndex::addQueryResult@51 (line 161)
                      ; - org.eclipse.jdt.internal.core.index.DiskIndex::addQueryResults@122 (line 197)
  0x00007f612e52e268: 94c0 e5fe 

  0x00007f612e52e26c: ;   {other}
  0x00007f612e52e26c: 0f1f 8400 | dc1c 001c | bee4 ffff | ff48 8b6c | 2438 448b | 5c24 1044 | 895c 2408 | 448b 5424 
  0x00007f612e52e28c: 1444 8954 | 240c 448b | 5c24 1844 | 895c 2410 | 4c8b 5424 | 204c 8954 | 2418 448b | 5c24 2844 
  0x00007f612e52e2ac: 895c 2414 | 448b 5424 | 4044 8954 | 2420 448b | 5c24 4444 | 895c 2424 | 448b 5424 | 3044 8954 
  0x00007f612e52e2cc: 2428 448b | 5c24 5044 | 895c 242c | 4c8b 5424 | 484c 8954 | 2440 4489 | 4424 4844 | 894c 2450 
  0x00007f612e52e2ec: 8954 2454 

  0x00007f612e52e2f0: ;   {runtime_call UncommonTrapBlob}
  0x00007f612e52e2f0: c5f8 77e8 

  0x00007f612e52e2f4: ; ImmutableOopMap {rbp=Oop [20]=NarrowOop [24]=Oop [32]=NarrowOop [44]=NarrowOop [64]=Oop [80]=NarrowOop [88]=Oop [96]=Oop }
                      ;*aaload {reexecute=0 rethrow=0 return_oop=0}
                      ; - org.eclipse.jdt.internal.compiler.util.HashtableOfObject::putUnsafely@35 (line 131)
                      ; - org.eclipse.jdt.internal.core.index.DiskIndex::addQueryResult@54 (line 161)
                      ; - org.eclipse.jdt.internal.core.index.DiskIndex::addQueryResults@122 (line 197)
  0x00007f612e52e2f4: 08c0 e5fe 

  0x00007f612e52e2f8: ;   {other}
  0x00007f612e52e2f8: 0f1f 8400 | 681d 001d | be76 ffff | ff48 8b6c | 2430 4c8b | 5424 384c | 8954 2410 | 4489 5c24 
  0x00007f612e52e318: 2444 8944 | 2430 4489 | 4c24 3489 | 7c24 3c44 | 896c 244c | 895c 2450 

  0x00007f612e52e330: ;   {runtime_call UncommonTrapBlob}
  0x00007f612e52e330: c5f8 77e8 

  0x00007f612e52e334: ; ImmutableOopMap {rbp=Oop [0]=Oop [16]=Oop [36]=NarrowOop [40]=Oop [60]=NarrowOop [80]=NarrowOop [88]=Oop }
                      ;*ifge {reexecute=1 rethrow=0 return_oop=0}
                      ; - (reexecute) org.eclipse.jdt.core.compiler.CharOperation::prefixEquals@31 (line 3457)
                      ; - org.eclipse.jdt.internal.core.index.DiskIndex::addQueryResults@386 (line 222)
  0x00007f612e52e334: c8bf e5fe 

  0x00007f612e52e338: ;   {other}
  0x00007f612e52e338: 0f1f 8400 | a81d 001e | bee4 ffff | ff48 ff74 | 2440 488f | 0424 4c8b | 5424 584c | 8954 2418 
  0x00007f612e52e358: 448b 5c24 | 2c44 895c | 2414 448b | 5c24 2844 | 895c 2420 | 448b 5424 | 3844 8954 | 2424 4c8b 
  0x00007f612e52e378: 5424 304c | 8954 2428 | 448b 5c24 | 3c44 895c | 2430 448b | 5424 6044 | 8954 2434 | 448b 5c24 
  0x00007f612e52e398: 6444 895c | 2438 448b | 5424 5044 | 8954 243c | 4489 4c24 | 6089 5424 | 6466 6690 

  0x00007f612e52e3b4: ;   {runtime_call UncommonTrapBlob}
  0x00007f612e52e3b4: c5f8 77e8 

  0x00007f612e52e3b8: ; ImmutableOopMap {[0]=Oop [8]=Oop [24]=Oop [40]=Oop [48]=NarrowOop [52]=NarrowOop [72]=Oop [96]=NarrowOop [104]=NarrowOop [112]=Oop }
                      ;*aaload {reexecute=0 rethrow=0 return_oop=0}
                      ; - org.eclipse.jdt.internal.compiler.util.HashtableOfObject::putUnsafely@35 (line 131)
                      ; - org.eclipse.jdt.internal.core.index.DiskIndex::addQueryResult@54 (line 161)
                      ; - org.eclipse.jdt.internal.core.index.DiskIndex::addQueryResults@687 (line 256)
  0x00007f612e52e3b8: 44bf e5fe 

  0x00007f612e52e3bc: ;   {other}
  0x00007f612e52e3bc: 0f1f 8400 | 2c1e 001f | bee4 ffff | ff48 8b6c | 2440 4c8b | 5424 084c | 8914 2444 | 8b54 2410 
  0x00007f612e52e3dc: 4489 5424 | 0844 8b5c | 242c 4489 | 5c24 0c44 | 8b54 2428 | 4489 5424 | 1844 8b5c | 2438 4489 
  0x00007f612e52e3fc: 5c24 1c4c | 8b54 2430 | 4c89 5424 | 2044 8b5c | 243c 4489 | 5c24 2844 | 8b54 2450 | 4489 5424 
  0x00007f612e52e41c: 344c 8b54 | 2448 4c89 | 5424 4044 | 894c 244c | 895c 2450 

  0x00007f612e52e430: ;   {runtime_call UncommonTrapBlob}
  0x00007f612e52e430: c5f8 77e8 

  0x00007f612e52e434: ; ImmutableOopMap {rbp=Oop [0]=Oop [32]=Oop [40]=NarrowOop [64]=Oop [76]=NarrowOop [84]=NarrowOop [88]=Oop }
                      ;*aaload {reexecute=0 rethrow=0 return_oop=0}
                      ; - org.eclipse.jdt.internal.core.index.DiskIndex::addQueryResults@682 (line 256)
  0x00007f612e52e434: c8be e5fe 

  0x00007f612e52e438: ;   {other}
  0x00007f612e52e438: 0f1f 8400 | a81e 0020 | bee4 ffff | ff48 8b6c | 2440 4c8b | 5424 084c | 8914 2444 | 8b5c 2410 
  0x00007f612e52e458: 4489 5c24 | 084c 8b54 | 2458 4c89 | 5424 1044 | 8b54 242c | 4489 5424 | 0c44 8b5c | 2428 4489 
  0x00007f612e52e478: 5c24 1844 | 8b5c 2438 | 4489 5c24 | 1c4c 8b54 | 2430 4c89 | 5424 2044 | 8b54 243c | 4489 5424 
  0x00007f612e52e498: 2844 8b5c | 2450 4489 | 5c24 344c | 8b54 2448 | 4c89 5424 | 4044 894c | 2454 8954 | 2458 6690 
  0x00007f612e52e4b8: ;   {runtime_call UncommonTrapBlob}
  0x00007f612e52e4b8: c5f8 77e8 

  0x00007f612e52e4bc: ; ImmutableOopMap {rbp=Oop [0]=Oop [16]=Oop [32]=Oop [40]=NarrowOop [64]=Oop [84]=NarrowOop [96]=NarrowOop [104]=NarrowOop [112]=Oop }
                      ;*aastore {reexecute=1 rethrow=0 return_oop=0}
                      ; - (reexecute) org.eclipse.jdt.internal.compiler.util.HashtableOfObject::putUnsafely@46 (line 136)
                      ; - org.eclipse.jdt.internal.core.index.DiskIndex::addQueryResult@54 (line 161)
                      ; - org.eclipse.jdt.internal.core.index.DiskIndex::addQueryResults@687 (line 256)
  0x00007f612e52e4bc: 40be e5fe 

  0x00007f612e52e4c0: ;   {other}
  0x00007f612e52e4c0: 0f1f 8400 | 301f 0021 | bee4 ffff | ff48 8b6c | 2440 4c8b | 5424 084c | 8914 2444 | 8b5c 2410 
  0x00007f612e52e4e0: 4489 5c24 | 0844 8b54 | 242c 4489 | 5424 0c44 | 8b54 2428 | 4489 5424 | 1844 8b54 | 2438 4489 
  0x00007f612e52e500: 5424 1c4c | 8b54 2430 | 4c89 5424 | 2044 8b5c | 243c 4489 | 5c24 2844 | 8b54 2450 | 4489 5424 
  0x00007f612e52e520: 344c 8b54 | 2448 4c89 | 5424 4089 | 4c24 4889 | 5424 4c90 

  0x00007f612e52e534: ;   {runtime_call UncommonTrapBlob}
  0x00007f612e52e534: c5f8 77e8 

  0x00007f612e52e538: ; ImmutableOopMap {rbp=Oop [0]=Oop [32]=Oop [40]=NarrowOop [64]=Oop [72]=NarrowOop [88]=Oop [96]=NarrowOop [112]=Oop }
                      ;*aastore {reexecute=1 rethrow=0 return_oop=0}
                      ; - (reexecute) org.eclipse.jdt.internal.compiler.util.HashtableOfObject::putUnsafely@54 (line 137)
                      ; - org.eclipse.jdt.internal.core.index.DiskIndex::addQueryResult@54 (line 161)
                      ; - org.eclipse.jdt.internal.core.index.DiskIndex::addQueryResults@687 (line 256)
  0x00007f612e52e538: c4bd e5fe 

  0x00007f612e52e53c: ;   {other}
  0x00007f612e52e53c: 0f1f 8400 | ac1f 0022 | be86 ffff | ff8b e890 

  0x00007f612e52e54c: ;   {runtime_call UncommonTrapBlob}
  0x00007f612e52e54c: c5f8 77e8 

  0x00007f612e52e550: ; ImmutableOopMap {}
                      ;*irem {reexecute=0 rethrow=0 return_oop=0}
                      ; - org.eclipse.jdt.internal.compiler.util.HashtableOfObject::putUnsafely@11 (line 130)
                      ; - org.eclipse.jdt.internal.core.index.DiskIndex::addQueryResult@54 (line 161)
                      ; - org.eclipse.jdt.internal.core.index.DiskIndex::addQueryResults@687 (line 256)
  0x00007f612e52e550: acbd e5fe 

  0x00007f612e52e554: ;   {other}
  0x00007f612e52e554: 0f1f 8400 | c41f 0023 | bed6 ffff | ff48 8b6c | 2440 4c8b | 5424 084c | 8914 2444 | 8b54 2410 
  0x00007f612e52e574: 4489 5424 | 0844 8b5c | 242c 4489 | 5c24 0c44 | 8b5c 2428 | 4489 5c24 | 1844 8b5c | 2438 4489 
  0x00007f612e52e594: 5c24 1c4c | 8b54 2430 | 4c89 5424 | 2044 8b5c | 243c 4489 | 5c24 2844 | 8b54 2450 | 4489 5424 
  0x00007f612e52e5b4: 344c 8b54 | 2448 4c89 | 5424 4089 | 4c24 4889 | 5424 4c90 

  0x00007f612e52e5c8: ;   {runtime_call UncommonTrapBlob}
  0x00007f612e52e5c8: c5f8 77e8 

  0x00007f612e52e5cc: ; ImmutableOopMap {rbp=Oop [0]=Oop [32]=Oop [40]=NarrowOop [64]=Oop [72]=NarrowOop [88]=Oop [96]=NarrowOop [112]=Oop }
                      ;*aastore {reexecute=1 rethrow=0 return_oop=0}
                      ; - (reexecute) org.eclipse.jdt.internal.compiler.util.HashtableOfObject::putUnsafely@54 (line 137)
                      ; - org.eclipse.jdt.internal.core.index.DiskIndex::addQueryResult@54 (line 161)
                      ; - org.eclipse.jdt.internal.core.index.DiskIndex::addQueryResults@687 (line 256)
  0x00007f612e52e5cc: 30bd e5fe 

  0x00007f612e52e5d0: ;   {other}
  0x00007f612e52e5d0: 0f1f 8400 | 4020 0024 | be45 ffff | ff48 8b6c | 2430 488b | 5424 3848 | 8954 2410 | 4489 5c24 
  0x00007f612e52e5f0: 2444 8944 | 2430 4489 | 4c24 3489 | 7c24 3844 | 8954 243c | 894c 2440 | 895c 2444 

  0x00007f612e52e60c: ;   {runtime_call UncommonTrapBlob}
  0x00007f612e52e60c: c5f8 77e8 

  0x00007f612e52e610: ; ImmutableOopMap {rbp=Oop [0]=Oop [16]=Oop [36]=NarrowOop [40]=Oop [56]=NarrowOop [68]=NarrowOop [88]=Oop }
                      ;*if_icmpge {reexecute=1 rethrow=0 return_oop=0}
                      ; - (reexecute) org.eclipse.jdt.core.compiler.CharOperation::prefixEquals@6 (line 3455)
                      ; - org.eclipse.jdt.internal.core.index.DiskIndex::addQueryResults@386 (line 222)
  0x00007f612e52e610: ecbc e5fe 

  0x00007f612e52e614: ;   {other}
  0x00007f612e52e614: 0f1f 8400 | 8420 0025 | be45 ffff | ff48 8944 | 24f8 8b44 | 242c 8944 | 2414 488b | 4424 f844 
  0x00007f612e52e634: 8b44 2428 | 4489 4424 | 2044 8b5c | 2438 4489 | 5c24 244c | 8b5c 2430 | 4c89 5c24 | 2844 8b5c 
  0x00007f612e52e654: 243c 4489 | 5c24 3044 | 894c 2434 | 895c 2438 | 448b 5c24 | 5044 895c | 243c 4889 | 4c24 4890 
  0x00007f612e52e674: ;   {runtime_call UncommonTrapBlob}
  0x00007f612e52e674: c5f8 77e8 

  0x00007f612e52e678: ; ImmutableOopMap {rbp=NarrowOop [8]=Oop [40]=Oop [48]=NarrowOop [52]=NarrowOop [64]=Oop [72]=Oop [84]=NarrowOop [88]=Oop }
                      ;*ifnonnull {reexecute=1 rethrow=0 return_oop=0}
                      ; - (reexecute) org.eclipse.jdt.internal.core.index.DiskIndex::addQueryResult@35 (line 159)
                      ; - org.eclipse.jdt.internal.core.index.DiskIndex::addQueryResults@687 (line 256)
  0x00007f612e52e678: 84bc e5fe 

  0x00007f612e52e67c: ;   {other}
  0x00007f612e52e67c: 0f1f 8400 | ec20 0026 | 41ff c3e9 | 63f4 ffff | be45 ffff | ff44 8b44 | 2428 4489 | 4424 2044 
  0x00007f612e52e69c: 8b54 2438 | 4489 5424 | 244c 8b54 | 2430 4c89 | 5424 2844 | 8b44 243c | 4489 4424 | 3044 894c 
  0x00007f612e52e6bc: 2434 895c | 2438 448b | 5424 5044 | 8954 243c | 4889 4c24 | 4844 8b44 | 2454 4489 | 4424 5044 
  0x00007f612e52e6dc: 895c 2454 

  0x00007f612e52e6e0: ;   {runtime_call UncommonTrapBlob}
  0x00007f612e52e6e0: c5f8 77e8 

  0x00007f612e52e6e4: ; ImmutableOopMap {rbp=NarrowOop [8]=Oop [40]=Oop [48]=NarrowOop [52]=NarrowOop [64]=Oop [72]=Oop [80]=NarrowOop [88]=Oop }
                      ;*ifeq {reexecute=1 rethrow=0 return_oop=0}
                      ; - (reexecute) org.eclipse.jdt.internal.core.index.DiskIndex::addQueryResult@16 (line 158)
                      ; - org.eclipse.jdt.internal.core.index.DiskIndex::addQueryResults@687 (line 256)
  0x00007f612e52e6e4: 18bc e5fe 

  0x00007f612e52e6e8: ;   {other}
  0x00007f612e52e6e8: 0f1f 8400 | 5821 0027 | be45 ffff | ff4c 8b54 | 2440 4c89 | 1424 4c8b | 5424 584c | 8954 2418 
  0x00007f612e52e708: 448b 5424 | 2c44 8954 | 2414 448b | 5424 2844 | 8954 2420 | 448b 5c24 | 3844 895c | 2424 4c8b 
  0x00007f612e52e728: 5424 304c | 8954 2428 | 448b 5424 | 3c44 8954 | 2430 448b | 5424 5044 | 8954 243c | 4489 4c24 
  0x00007f612e52e748: 504c 8944 | 2458 6690 

  0x00007f612e52e750: ;   {runtime_call UncommonTrapBlob}
  0x00007f612e52e750: c5f8 77e8 

  0x00007f612e52e754: ; ImmutableOopMap {rbp=NarrowOop [0]=Oop [8]=Oop [24]=Oop [40]=Oop [48]=NarrowOop [72]=Oop [80]=NarrowOop [88]=Oop [96]=NarrowOop }
                      ;*ifnull {reexecute=1 rethrow=0 return_oop=0}
                      ; - (reexecute) org.eclipse.jdt.internal.core.index.EntryResult::<init>@10 (line 27)
                      ; - org.eclipse.jdt.internal.core.index.DiskIndex::addQueryResult@51 (line 161)
                      ; - org.eclipse.jdt.internal.core.index.DiskIndex::addQueryResults@687 (line 256)
  0x00007f612e52e754: a8bb e5fe 

  0x00007f612e52e758: ;   {other}
  0x00007f612e52e758: 0f1f 8400 | c821 0028 | bee4 ffff | ff48 ff74 | 2440 488f | 0424 4c8b | 5424 584c | 8954 2418 
  0x00007f612e52e778: 448b 5424 | 2c44 8954 | 2414 448b | 5424 2844 | 8954 2420 | 448b 5c24 | 3844 895c | 2424 4c8b 
  0x00007f612e52e798: 5424 304c | 8954 2428 | 448b 5424 | 3c44 8954 | 2430 448b | 5c24 6044 | 895c 2434 | 448b 5424 
  0x00007f612e52e7b8: 6444 8954 | 2438 448b | 5c24 5044 | 895c 243c | 4489 4c24 | 6089 5424 | 6466 6690 

  0x00007f612e52e7d4: ;   {runtime_call UncommonTrapBlob}
  0x00007f612e52e7d4: c5f8 77e8 

  0x00007f612e52e7d8: ; ImmutableOopMap {[0]=Oop [8]=Oop [24]=Oop [40]=Oop [48]=NarrowOop [52]=NarrowOop [72]=Oop [96]=NarrowOop [104]=NarrowOop [112]=Oop }
                      ;*aaload {reexecute=0 rethrow=0 return_oop=0}
                      ; - org.eclipse.jdt.internal.compiler.util.HashtableOfObject::putUnsafely@35 (line 131)
                      ; - org.eclipse.jdt.internal.core.index.DiskIndex::addQueryResult@54 (line 161)
                      ; - org.eclipse.jdt.internal.core.index.DiskIndex::addQueryResults@687 (line 256)
  0x00007f612e52e7d8: 24bb e5fe 

  0x00007f612e52e7dc: ;   {other}
  0x00007f612e52e7dc: 0f1f 8400 | 4c22 0029 | 488b 1424 | 8bcd 448b | 6c24 08e9 | 0cea ffff | 488b 6c24 | 60e9 3bec 
  0x00007f612e52e7fc: ffff bee4 | ffff ff48 | 8b6c 2438 | 448b 5424 | 1044 8954 | 2408 448b | 5c24 1444 | 895c 240c 
  0x00007f612e52e81c: 448b 5424 | 1844 8954 | 2410 4c8b | 5424 204c | 8954 2418 | 448b 5c24 | 2844 895c | 2414 448b 
  0x00007f612e52e83c: 5424 4044 | 8954 2420 | 448b 5424 | 4444 8954 | 2424 448b | 5c24 3044 | 895c 2428 | 448b 5424 
  0x00007f612e52e85c: 5044 8954 | 242c 4c8b | 5424 484c | 8954 2440 | 4489 4424 | 4866 6690 

  0x00007f612e52e874: ;   {runtime_call UncommonTrapBlob}
  0x00007f612e52e874: c5f8 77e8 

  0x00007f612e52e878: ; ImmutableOopMap {rbp=Oop [20]=NarrowOop [24]=Oop [32]=NarrowOop [44]=NarrowOop [64]=Oop [88]=Oop [96]=Oop }
                      ;*caload {reexecute=0 rethrow=0 return_oop=0}
                      ; - java.util.Arrays::hashCode@44
                      ; - org.eclipse.jdt.core.compiler.CharOperation::hashCode@1 (line 2489)
                      ; - org.eclipse.jdt.internal.compiler.util.HashtableOfObject::putUnsafely@7 (line 130)
                      ; - org.eclipse.jdt.internal.core.index.DiskIndex::addQueryResult@54 (line 161)
                      ; - org.eclipse.jdt.internal.core.index.DiskIndex::addQueryResults@122 (line 197)
  0x00007f612e52e878: 84ba e5fe 

  0x00007f612e52e87c: ;   {other}
  0x00007f612e52e87c: 0f1f 8400 | ec22 002a | 4489 5424 | 0444 8904 | 2448 8be8 

  0x00007f612e52e890: ;   {metadata('org/eclipse/jdt/internal/compiler/util/HashtableOfObject')}
  0x00007f612e52e890: 48be e087 | 6ddc 607f | 0000 6690 

  0x00007f612e52e89c: ;   {runtime_call _new_instance_Java}
  0x00007f612e52e89c: c5f8 77e8 

  0x00007f612e52e8a0: ; ImmutableOopMap {rbp=Oop [0]=NarrowOop [4]=NarrowOop [32]=Oop [56]=Oop [88]=Oop }
                      ;*new {reexecute=0 rethrow=0 return_oop=1}
                      ; - org.eclipse.jdt.internal.core.index.DiskIndex::addQueryResults@72 (line 194)
  0x00007f612e52e8a0: 5cd8 f0fe 

  0x00007f612e52e8a4: ;   {other}
  0x00007f612e52e8a4: 0f1f 8400 | 1423 002b | 4c8b d848 | 8bc5 448b | 0424 448b | 5424 044d | 8bcb 6690 | e9f9 f1ff 
  0x00007f612e52e8c4: ff44 895c | 2404 4c89 | 4c24 0844 | 8914 2441 

  0x00007f612e52e8d4: ;   {metadata({type array char}[])}
  0x00007f612e52e8d4: 8be8 48be | 98b3 0ddc | 607f 0000 | 418b d390 

  0x00007f612e52e8e4: ;   {runtime_call _new_array_Java}
  0x00007f612e52e8e4: c5f8 77e8 

  0x00007f612e52e8e8: ; ImmutableOopMap {rbp=NarrowOop [0]=NarrowOop [8]=Oop [32]=Oop [56]=Oop [88]=Oop }
                      ;*anewarray {reexecute=0 rethrow=0 return_oop=1}
                      ; - org.eclipse.jdt.internal.compiler.util.HashtableOfObject::<init>@63 (line 56)
                      ; - org.eclipse.jdt.internal.core.index.DiskIndex::addQueryResults@81 (line 194)
  0x00007f612e52e8e8: 94a0 f0fe 

  0x00007f612e52e8ec: ;   {other}
  0x00007f612e52e8ec: 0f1f 8400 | 5c23 002c | 448b c544 | 8b14 244c | 8b4c 2408 | 448b 5c24 | 0448 8bf0 | e9ea f2ff 
  0x00007f612e52e90c: ff4c 894c | 2408 4489 | 1424 418b 

  0x00007f612e52e918: ;   {metadata('java/lang/Object'[])}
  0x00007f612e52e918: e848 be70 | 1200 db60 | 7f00 0041 | 8bd3 6690 

  0x00007f612e52e928: ;   {runtime_call _new_array_Java}
  0x00007f612e52e928: c5f8 77e8 

  0x00007f612e52e92c: ; ImmutableOopMap {rbp=NarrowOop [0]=NarrowOop [8]=Oop [32]=Oop [56]=Oop [88]=Oop }
                      ;*anewarray {reexecute=0 rethrow=0 return_oop=1}
                      ; - org.eclipse.jdt.internal.compiler.util.HashtableOfObject::<init>@71 (line 57)
                      ; - org.eclipse.jdt.internal.core.index.DiskIndex::addQueryResults@81 (line 194)
  0x00007f612e52e92c: 50a0 f0fe 

  0x00007f612e52e930: ;   {other}
  0x00007f612e52e930: 0f1f 8400 | a023 002d | 448b c544 | 8b14 244c | 8b4c 2408 | 488b f0e9 | aef3 ffff | be76 ffff 
  0x00007f612e52e950: ff4c 8b54 | 2440 4c89 | 1424 448b | 5424 2c44 | 8954 2414 | 448b 5c24 | 3844 895c | 242c 4489 
  0x00007f612e52e970: 4424 3844 | 894c 2440 

  0x00007f612e52e978: ;   {runtime_call UncommonTrapBlob}
  0x00007f612e52e978: c5f8 77e8 

  0x00007f612e52e97c: ; ImmutableOopMap {rbp=NarrowOop [0]=Oop [8]=Oop [48]=Oop [56]=NarrowOop [72]=Oop [88]=Oop }
                      ;*if_icmplt {reexecute=1 rethrow=0 return_oop=0}
                      ; - (reexecute) org.eclipse.jdt.internal.core.index.DiskIndex::addQueryResults@699 (line 253)
  0x00007f612e52e97c: 80b9 e5fe 

  0x00007f612e52e980: ;   {other}
  0x00007f612e52e980: 0f1f 8400 | f023 002e | bee4 ffff | ff48 ff74 | 2440 488f | 0424 4c8b | 5424 584c | 8954 2418 
  0x00007f612e52e9a0: 448b 5424 | 2c44 8954 | 2414 448b | 5c24 2844 | 895c 2420 | 448b 5424 | 3844 8954 | 2424 4c8b 
  0x00007f612e52e9c0: 5424 304c | 8954 2428 | 448b 5c24 | 3c44 895c | 2430 448b | 5424 5044 | 8954 243c | 448b 5c24 
  0x00007f612e52e9e0: 6844 895c | 2454 6690 

  0x00007f612e52e9e8: ;   {runtime_call UncommonTrapBlob}
  0x00007f612e52e9e8: c5f8 77e8 

  0x00007f612e52e9ec: ; ImmutableOopMap {[0]=Oop [8]=Oop [24]=Oop [40]=Oop [48]=NarrowOop [72]=Oop [84]=NarrowOop [96]=NarrowOop [104]=NarrowOop [112]=Oop }
                      ;*caload {reexecute=0 rethrow=0 return_oop=0}
                      ; - java.util.Arrays::hashCode@44
                      ; - org.eclipse.jdt.core.compiler.CharOperation::hashCode@1 (line 2489)
                      ; - org.eclipse.jdt.internal.compiler.util.HashtableOfObject::putUnsafely@7 (line 130)
                      ; - org.eclipse.jdt.internal.core.index.DiskIndex::addQueryResult@54 (line 161)
                      ; - org.eclipse.jdt.internal.core.index.DiskIndex::addQueryResults@687 (line 256)
  0x00007f612e52e9ec: 10b9 e5fe 

  0x00007f612e52e9f0: ;   {other}
  0x00007f612e52e9f0: 0f1f 8400 | 6024 002f 

  0x00007f612e52e9f8: ;   {metadata('org/eclipse/jdt/internal/compiler/util/HashtableOfObject')}
  0x00007f612e52e9f8: 48be e087 | 6ddc 607f | 0000 6690 

  0x00007f612e52ea04: ;   {runtime_call _new_instance_Java}
  0x00007f612e52ea04: c5f8 77e8 

  0x00007f612e52ea08: ; ImmutableOopMap {rbp=NarrowOop [0]=Oop [8]=Oop [20]=NarrowOop [24]=Oop [32]=Oop [48]=Oop [60]=NarrowOop [64]=Oop [84]=NarrowOop [88]=Oop }
                      ;*new {reexecute=0 rethrow=0 return_oop=1}
                      ; - org.eclipse.jdt.internal.core.index.DiskIndex::addQueryResult@4 (line 157)
                      ; - org.eclipse.jdt.internal.core.index.DiskIndex::addQueryResults@687 (line 256)
  0x00007f612e52ea08: f4d6 f0fe 

  0x00007f612e52ea0c: ;   {other}
  0x00007f612e52ea0c: 0f1f 8400 | 7c24 0030 | 4c8b d0e9 | 61f3 ffff 

  0x00007f612e52ea1c: ;   {metadata({type array char}[])}
  0x00007f612e52ea1c: 48be 98b3 | 0ddc 607f | 0000 ba16 | 0000 0090 

  0x00007f612e52ea2c: ;   {runtime_call _new_array_Java}
  0x00007f612e52ea2c: c5f8 77e8 

  0x00007f612e52ea30: ; ImmutableOopMap {rbp=NarrowOop [0]=Oop [8]=Oop [20]=NarrowOop [24]=Oop [32]=Oop [48]=Oop [60]=NarrowOop [64]=Oop [84]=NarrowOop [88]=Oop [96]=Oop }
                      ;*anewarray {reexecute=0 rethrow=0 return_oop=1}
                      ; - org.eclipse.jdt.internal.compiler.util.HashtableOfObject::<init>@63 (line 56)
                      ; - org.eclipse.jdt.internal.core.index.DiskIndex::addQueryResult@10 (line 157)
                      ; - org.eclipse.jdt.internal.core.index.DiskIndex::addQueryResults@687 (line 256)
  0x00007f612e52ea30: 4c9f f0fe 

  0x00007f612e52ea34: ;   {other}
  0x00007f612e52ea34: 0f1f 8400 | a424 0031 | 4c8b d090 | e9f6 f3ff 

  0x00007f612e52ea44: ;   {metadata('java/lang/Object'[])}
  0x00007f612e52ea44: ff48 be70 | 1200 db60 | 7f00 00ba | 1600 0000 

  0x00007f612e52ea54: ;   {runtime_call _new_array_Java}
  0x00007f612e52ea54: c5f8 77e8 

  0x00007f612e52ea58: ; ImmutableOopMap {rbp=NarrowOop [0]=Oop [8]=Oop [20]=NarrowOop [24]=Oop [32]=Oop [48]=Oop [60]=NarrowOop [64]=Oop [84]=NarrowOop [88]=Oop [96]=Oop }
                      ;*anewarray {reexecute=0 rethrow=0 return_oop=1}
                      ; - org.eclipse.jdt.internal.compiler.util.HashtableOfObject::<init>@71 (line 57)
                      ; - org.eclipse.jdt.internal.core.index.DiskIndex::addQueryResult@10 (line 157)
                      ; - org.eclipse.jdt.internal.core.index.DiskIndex::addQueryResults@687 (line 256)
  0x00007f612e52ea58: 249f f0fe 

  0x00007f612e52ea5c: ;   {other}
  0x00007f612e52ea5c: 0f1f 8400 | cc24 0032 | 4c8b d0e9 | 98f4 ffff | be76 ffff | ff48 8b6c | 2430 4c8b | 5424 384c 
  0x00007f612e52ea7c: 8954 2410 | 4489 5c24 | 2444 894c | 2434 895c | 2438 6690 

  0x00007f612e52ea90: ;   {runtime_call UncommonTrapBlob}
  0x00007f612e52ea90: c5f8 77e8 

  0x00007f612e52ea94: ; ImmutableOopMap {rbp=Oop [0]=Oop [16]=Oop [36]=NarrowOop [40]=Oop [56]=NarrowOop [88]=Oop }
                      ;*if_icmplt {reexecute=1 rethrow=0 return_oop=0}
                      ; - (reexecute) org.eclipse.jdt.internal.core.index.DiskIndex::addQueryResults@418 (line 220)
  0x00007f612e52ea94: 68b8 e5fe 

  0x00007f612e52ea98: ;   {other}
  0x00007f612e52ea98: 0f1f 8400 | 0825 0033 | bebe ffff | ff48 8b6c | 2430 4c8b | 5424 384c | 8954 2410 | 4489 5c24 
  0x00007f612e52eab8: 2444 894c | 2434 895c | 2438 6690 

  0x00007f612e52eac4: ;   {runtime_call UncommonTrapBlob}
  0x00007f612e52eac4: c5f8 77e8 

  0x00007f612e52eac8: ; ImmutableOopMap {rbp=Oop [0]=Oop [16]=Oop [36]=NarrowOop [40]=Oop [56]=NarrowOop [88]=Oop }
                      ;*if_icmplt {reexecute=1 rethrow=0 return_oop=0}
                      ; - (reexecute) org.eclipse.jdt.internal.core.index.DiskIndex::addQueryResults@418 (line 220)
  0x00007f612e52eac8: 34b8 e5fe 

  0x00007f612e52eacc: ;   {other}
  0x00007f612e52eacc: 0f1f 8400 | 3c25 0034 | be76 ffff | ff44 8954 | 241c 4489 | 4424 2844 | 895c 2430 

  0x00007f612e52eae8: ;   {runtime_call UncommonTrapBlob}
  0x00007f612e52eae8: c5f8 77e8 

  0x00007f612e52eaec: ; ImmutableOopMap {[28]=NarrowOop [32]=Oop [40]=NarrowOop [56]=Oop [88]=Oop [96]=Oop }
                      ;*if_icmplt {reexecute=1 rethrow=0 return_oop=0}
                      ; - (reexecute) org.eclipse.jdt.internal.core.index.DiskIndex::addQueryResults@134 (line 195)
  0x00007f612e52eaec: 10b8 e5fe 

  0x00007f612e52eaf0: ;   {other}
  0x00007f612e52eaf0: 0f1f 8400 | 6025 0035 | be76 ffff | ff48 890c | 2444 8954 | 2408 4889 | 5424 1844 | 8944 2420 
  0x00007f612e52eb10: ;   {runtime_call UncommonTrapBlob}
  0x00007f612e52eb10: c5f8 77e8 

  0x00007f612e52eb14: ; ImmutableOopMap {rbp=Oop [0]=Oop [24]=Oop [88]=Oop }
                      ;*if_icmplt {reexecute=1 rethrow=0 return_oop=0}
                      ; - (reexecute) org.eclipse.jdt.internal.core.index.DiskIndex::addQueryResults@721 (line 248)
  0x00007f612e52eb14: e8b7 e5fe 

  0x00007f612e52eb18: ;   {other}
  0x00007f612e52eb18: 0f1f 8400 | 8825 0036 | bee4 ffff | ff48 8914 | 248b 4c24 | 1889 4c24 | 1044 8b54 | 241c 4489 
  0x00007f612e52eb38: 5424 148b | 4c24 2089 | 4c24 184c | 8b54 2428 | 4c89 5424 | 2044 895c | 241c 4489 | 4c24 2c89 
  0x00007f612e52eb58: 7c24 4044 | 8944 2444 | 895c 244c 

  0x00007f612e52eb64: ;   {runtime_call UncommonTrapBlob}
  0x00007f612e52eb64: c5f8 77e8 

  0x00007f612e52eb68: ; ImmutableOopMap {[0]=Oop [28]=NarrowOop [32]=Oop [48]=Oop [56]=Oop [64]=NarrowOop [76]=NarrowOop [88]=Oop }
                      ;*aaload {reexecute=0 rethrow=0 return_oop=0}
                      ; - org.eclipse.jdt.internal.core.index.DiskIndex::addQueryResults@401 (line 223)
  0x00007f612e52eb68: 94b7 e5fe 

  0x00007f612e52eb6c: ;   {other}
  0x00007f612e52eb6c: 0f1f 8400 | dc25 0037 | 4183 f804 | 0f85 98de | ffff 488b | f166 6690 

  0x00007f612e52eb84: ;   {static_call}
  0x00007f612e52eb84: c5f8 77e8 

  0x00007f612e52eb88: ; ImmutableOopMap {rbp=Oop [0]=Oop [88]=Oop }
                      ;*invokestatic compileRegexp {reexecute=0 rethrow=0 return_oop=1}
                      ; - org.eclipse.jdt.internal.core.index.DiskIndex::addQueryResults@447 (line 230)
  0x00007f612e52eb88: f46a e5fe 

  0x00007f612e52eb8c: ;   {other}
  0x00007f612e52eb8c: 0f1f 8400 | fc25 0038 | 4885 c00f | 845d e5ff | ff4c 8b1c | 2445 8b53 | 0c45 85d2 | 0f86 1203 
  0x00007f612e52ebac: 0000 418b | caff c941 | 3bca 0f83 | 3803 0000 | 33db 33c9 | 4533 c048 | 896c 2468 | 4889 5c24 
  0x00007f612e52ebcc: 0848 8944 | 2450 4489 | 5424 6089 | 4c24 640f | 1f44 0000 | e9a4 0000 | 00be 76ff | ffff 4889 
  0x00007f612e52ebec: 0c24 4889 | 5424 1844 | 895c 2414 

  0x00007f612e52ebf8: ;   {runtime_call UncommonTrapBlob}
  0x00007f612e52ebf8: c5f8 77e8 

  0x00007f612e52ebfc: ; ImmutableOopMap {rbp=Oop [0]=Oop [24]=Oop [88]=Oop }
                      ;*if_icmplt {reexecute=1 rethrow=0 return_oop=0}
                      ; - (reexecute) org.eclipse.jdt.internal.core.index.DiskIndex::addQueryResults@296 (line 206)
  0x00007f612e52ebfc: 00b7 e5fe 

  0x00007f612e52ec00: ;   {other}
  0x00007f612e52ec00: 0f1f 8400 | 7026 0039 | be76 ffff | ff48 890c | 2448 8954 | 2418 4489 | 5c24 1490 

  0x00007f612e52ec1c: ;   {runtime_call UncommonTrapBlob}
  0x00007f612e52ec1c: c5f8 77e8 

  0x00007f612e52ec20: ; ImmutableOopMap {rbp=Oop [0]=Oop [24]=Oop [88]=Oop }
                      ;*if_icmplt {reexecute=1 rethrow=0 return_oop=0}
                      ; - (reexecute) org.eclipse.jdt.internal.core.index.DiskIndex::addQueryResults@440 (line 215)
  0x00007f612e52ec20: dcb6 e5fe 

  0x00007f612e52ec24: ;   {other}
  0x00007f612e52ec24: 0f1f 8400 | 9426 003a | be76 ffff | ff48 8954 | 2410 4489 | 4424 0c90 

  0x00007f612e52ec3c: ;   {runtime_call UncommonTrapBlob}
  0x00007f612e52ec3c: c5f8 77e8 

  0x00007f612e52ec40: ; ImmutableOopMap {rbp=Oop [16]=Oop [88]=Oop }
                      ;*if_icmplt {reexecute=1 rethrow=0 return_oop=0}
                      ; - (reexecute) org.eclipse.jdt.internal.core.index.DiskIndex::addQueryResults@156 (line 188)
  0x00007f612e52ec40: bcb6 e5fe 

  0x00007f612e52ec44: ;   {other}
  0x00007f612e52ec44: 0f1f 8400 | b426 003b | 488b 4424 | 0848 85c0 | 0f84 f201 | 0000 488b | e844 8b44 | 2420 41ff 
  0x00007f612e52ec64: c044 3b44 | 2460 0f8d | 8ce4 ffff | 4533 d248 | 85c0 410f | 95c2 4489 | 5424 644c | 8b5c 2410 
  0x00007f612e52ec84: 4889 6c24 | 0847 8b54 | 8310 4489 | 4424 204c | 895c 2410 | 498b d248 | 8b74 2468 | 33c9 488b 
  0x00007f612e52eca4: ee66 6690 

  0x00007f612e52eca8: ;   {optimized virtual_call}
  0x00007f612e52eca8: c5f8 77e8 

  0x00007f612e52ecac: ; ImmutableOopMap {rbp=Oop [8]=Oop [16]=Oop [80]=Oop [88]=Oop [104]=Oop }
                      ;*invokevirtual readCategoryTable {reexecute=0 rethrow=0 return_oop=1}
                      ; - org.eclipse.jdt.internal.core.index.DiskIndex::addQueryResults@481 (line 233)
  0x00007f612e52ecac: d063 e5fe 

  0x00007f612e52ecb0: ;   {other}
  0x00007f612e52ecb0: 0f1f 8400 | 2027 003c | 0f1f 8400 | 0000 0000 | 4885 c074 | 8744 8b48 | 1445 8b59 | 0c45 85db 
  0x00007f612e52ecd0: 0f86 7d01 | 0000 8b48 | 1845 8bc3 | 41ff c890 | 453b c30f | 83de 0100 | 004c 8bc1 | 498b d94c 
  0x00007f612e52ecf0: 8b54 2408 | 4c89 5424 | 4845 33d2 | 0f1f 4000 | e96e 0000 | 0066 6666 | 0f1f 8400 | 0000 0000 
  0x00007f612e52ed10: 4489 0c24 | 418b ea47 | 8b5c 8a10 | 4d8b c348 | 8b74 2468 | 488b 5424 | 4848 8b4c | 2430 4c8b 
  0x00007f612e52ed30: 4c24 588b | 7c24 6490 

  0x00007f612e52ed38: ;   {optimized virtual_call}
  0x00007f612e52ed38: c5f8 77e8 

  0x00007f612e52ed3c: ; ImmutableOopMap {rbp=NarrowOop [8]=Oop [16]=Oop [24]=Oop [36]=NarrowOop [80]=Oop [88]=Oop [104]=Oop }
                      ;*invokevirtual addQueryResult {reexecute=0 rethrow=0 return_oop=1}
                      ; - org.eclipse.jdt.internal.core.index.DiskIndex::addQueryResults@552 (line 240)
  0x00007f612e52ed3c: 4063 e5fe 

  0x00007f612e52ed40: ;   {other}
  0x00007f612e52ed40: 0f1f 8400 | b027 003d | 448b 4c24 | 2444 8b5c | 2428 8bcd | 4c8b 4424 | 0848 8b5c | 2418 448b 
  0x00007f612e52ed60: 1424 41ff | c245 3bd3 | 0f8d e3fe | ffff 4889 | 4424 4843 | 8b6c 9110 | 0f1f 8400 | 0000 0000 
  0x00007f612e52ed80: 85ed 0f84 | 9400 0000 | 4489 5424 | 0448 895c | 2418 4c89 | 4424 0889 | 0c24 4489 | 5c24 2844 
  0x00007f612e52eda0: 894c 2424 | 4c8b d54c | 8954 2430 | 488b 7424 | 5049 8bd2 

  0x00007f612e52edb4: ;   {static_call}
  0x00007f612e52edb4: c5f8 77e8 

  0x00007f612e52edb8: ; ImmutableOopMap {rbp=NarrowOop [0]=NarrowOop [8]=Oop [16]=Oop [24]=Oop [36]=NarrowOop [48]=Oop [72]=Oop [80]=Oop [88]=Oop [104]=Oop }
                      ;*invokestatic regexpMatch {reexecute=0 rethrow=0 return_oop=0}
                      ; - org.eclipse.jdt.internal.core.index.DiskIndex::addQueryResults@532 (line 239)
  0x00007f612e52edb8: c468 e5fe 

  0x00007f612e52edbc: ;   {other}
  0x00007f612e52edbc: 0f1f 8400 | 2c28 003e | 85c0 0f84 | 5a00 0000 | 448b 1424 

  0x00007f612e52edd0: ; implicit exception: dispatches to 0x00007f612e52f06c
  0x00007f612e52edd0: 458b 420c | 448b 4c24 | 040f 1f80 | 0000 0000 | 453b c80f | 8227 ffff | ffbe e4ff | ffff 4c8b 
  0x00007f612e52edf0: 5c24 684c | 891c 244c | 8b5c 2450 | 4c89 5c24 | 3044 8954 | 2444 4489 | 4c24 5090 

  0x00007f612e52ee0c: ;   {runtime_call UncommonTrapBlob}
  0x00007f612e52ee0c: c5f8 77e8 

  0x00007f612e52ee10: ; ImmutableOopMap {rbp=NarrowOop [0]=Oop [16]=Oop [36]=NarrowOop [48]=Oop [68]=NarrowOop [72]=Oop [88]=Oop }
                      ;*aaload {reexecute=0 rethrow=0 return_oop=0}
                      ; - org.eclipse.jdt.internal.core.index.DiskIndex::addQueryResults@547 (line 240)
  0x00007f612e52ee10: ecb4 e5fe 

  0x00007f612e52ee14: ;   {other}
  0x00007f612e52ee14: 0f1f 8400 | 8428 003f | 488b 4424 | 48e9 3cff | ffff 488b | 4424 4844 | 8b4c 2424 | 448b 5c24 
  0x00007f612e52ee34: 288b 0c24 | 4c8b 4424 | 0848 8b5c | 2418 448b | 5424 04e9 | 16ff ffff | 33ed e90a | feff ff48 
  0x00007f612e52ee54: 8b44 2408 | e9f4 fdff | ff49 63cb | e9b7 ecff | ffbe 45ff | ffff 4489 | 5424 1c44 | 8944 2428 
  0x00007f612e52ee74: 4c89 4c24 | 3066 6690 

  0x00007f612e52ee7c: ;   {runtime_call UncommonTrapBlob}
  0x00007f612e52ee7c: c5f8 77e8 

  0x00007f612e52ee80: ; ImmutableOopMap {[28]=NarrowOop [32]=Oop [40]=NarrowOop [48]=Oop [56]=Oop [88]=Oop }
                      ;*ifge {reexecute=1 rethrow=0 return_oop=0}
                      ; - (reexecute) org.eclipse.jdt.internal.compiler.util.HashtableOfObject::<init>@5 (line 44)
                      ; - org.eclipse.jdt.internal.core.index.DiskIndex::addQueryResults@81 (line 194)
  0x00007f612e52ee80: 7cb4 e5fe 

  0x00007f612e52ee84: ;   {other}
  0x00007f612e52ee84: 0f1f 8400 | f428 0040 | be3d ffff | ff48 8b4c | 2438 4889 | 0c24 4489 | 5424 1c44 | 8944 2428 
  0x00007f612e52eea4: 4c89 4c24 | 3844 895c | 2440 6690 

  0x00007f612e52eeb0: ;   {runtime_call UncommonTrapBlob}
  0x00007f612e52eeb0: c5f8 77e8 

  0x00007f612e52eeb4: ; ImmutableOopMap {[0]=Oop [28]=NarrowOop [32]=Oop [40]=NarrowOop [56]=Oop [88]=Oop }
                      ;*if_icmplt {reexecute=1 rethrow=0 return_oop=0}
                      ; - (reexecute) org.eclipse.jdt.internal.compiler.util.HashtableOfObject::<init>@47 (line 53)
                      ; - org.eclipse.jdt.internal.core.index.DiskIndex::addQueryResults@81 (line 194)
  0x00007f612e52eeb4: 48b4 e5fe 

  0x00007f612e52eeb8: ;   {other}
  0x00007f612e52eeb8: 0f1f 8400 | 2829 0041 | 33ed e935 | e2ff ffbe | 76ff ffff | 448b 4424 | 2044 8944 | 241c 4489 
  0x00007f612e52eed8: 4c24 2489 | 4c24 3044 | 895c 2438 

  0x00007f612e52eee4: ;   {runtime_call UncommonTrapBlob}
  0x00007f612e52eee4: c5f8 77e8 

  0x00007f612e52eee8: ; ImmutableOopMap {rbp=Oop [8]=Oop [16]=Oop [36]=NarrowOop [48]=NarrowOop [80]=Oop [88]=Oop }
                      ;*if_icmplt {reexecute=1 rethrow=0 return_oop=0}
                      ; - (reexecute) org.eclipse.jdt.internal.core.index.DiskIndex::addQueryResults@564 (line 237)
  0x00007f612e52eee8: 14b4 e5fe 

  0x00007f612e52eeec: ;   {other}
  0x00007f612e52eeec: 0f1f 8400 | 5c29 0042 | be76 ffff | ff4c 895c | 2408 4889 | 4424 1044 | 8954 241c 

  0x00007f612e52ef08: ;   {runtime_call UncommonTrapBlob}
  0x00007f612e52ef08: c5f8 77e8 

  0x00007f612e52ef0c: ; ImmutableOopMap {rbp=Oop [8]=Oop [16]=Oop [88]=Oop }
                      ;*if_icmplt {reexecute=1 rethrow=0 return_oop=0}
                      ; - (reexecute) org.eclipse.jdt.internal.core.index.DiskIndex::addQueryResults@586 (line 232)
  0x00007f612e52ef0c: f0b3 e5fe 

  0x00007f612e52ef10: ;   {other}
  0x00007f612e52ef10: 0f1f 8400 | 8029 0043 | bef6 ffff | ff8b eb90 

  0x00007f612e52ef20: ;   {runtime_call UncommonTrapBlob}
  0x00007f612e52ef20: c5f8 77e8 

  0x00007f612e52ef24: ; ImmutableOopMap {}
                      ;*aaload {reexecute=0 rethrow=0 return_oop=0}
                      ; - org.eclipse.jdt.internal.core.index.DiskIndex::addQueryResults@117 (line 197)
  0x00007f612e52ef24: d8b3 e5fe 

  0x00007f612e52ef28: ;   {other}
  0x00007f612e52ef28: 0f1f 8400 | 9829 0044 | bef6 ffff | ff66 6690 

  0x00007f612e52ef38: ;   {runtime_call UncommonTrapBlob}
  0x00007f612e52ef38: c5f8 77e8 

  0x00007f612e52ef3c: ; ImmutableOopMap {}
                      ;*arraylength {reexecute=0 rethrow=0 return_oop=0}
                      ; - org.eclipse.jdt.internal.compiler.util.HashtableOfObject::putUnsafely@4 (line 129)
                      ; - org.eclipse.jdt.internal.core.index.DiskIndex::addQueryResult@54 (line 161)
                      ; - org.eclipse.jdt.internal.core.index.DiskIndex::addQueryResults@122 (line 197)
  0x00007f612e52ef3c: c0b3 e5fe 

  0x00007f612e52ef40: ;   {other}
  0x00007f612e52ef40: 0f1f 8400 | b029 0045 | bef6 ffff | ff8b ea90 

  0x00007f612e52ef50: ;   {runtime_call UncommonTrapBlob}
  0x00007f612e52ef50: c5f8 77e8 

  0x00007f612e52ef54: ; ImmutableOopMap {[72]=Oop }
                      ;*aastore {reexecute=1 rethrow=0 return_oop=0}
                      ; - (reexecute) org.eclipse.jdt.internal.compiler.util.HashtableOfObject::putUnsafely@54 (line 137)
                      ; - org.eclipse.jdt.internal.core.index.DiskIndex::addQueryResult@54 (line 161)
                      ; - org.eclipse.jdt.internal.core.index.DiskIndex::addQueryResults@122 (line 197)
  0x00007f612e52ef54: a8b3 e5fe 

  0x00007f612e52ef58: ;   {other}
  0x00007f612e52ef58: 0f1f 8400 | c829 0046 | bef6 ffff | ff8b 6c24 | 1466 6690 

  0x00007f612e52ef6c: ;   {runtime_call UncommonTrapBlob}
  0x00007f612e52ef6c: c5f8 77e8 

  0x00007f612e52ef70: ; ImmutableOopMap {}
                      ;*aaload {reexecute=0 rethrow=0 return_oop=0}
                      ; - org.eclipse.jdt.internal.core.index.DiskIndex::addQueryResults@682 (line 256)
  0x00007f612e52ef70: 8cb3 e5fe 

  0x00007f612e52ef74: ;   {other}
  0x00007f612e52ef74: 0f1f 8400 | e429 0047 | bef6 ffff | ff66 6690 

  0x00007f612e52ef84: ;   {runtime_call UncommonTrapBlob}
  0x00007f612e52ef84: c5f8 77e8 

  0x00007f612e52ef88: ; ImmutableOopMap {}
                      ;*arraylength {reexecute=0 rethrow=0 return_oop=0}
                      ; - org.eclipse.jdt.internal.compiler.util.HashtableOfObject::putUnsafely@4 (line 129)
                      ; - org.eclipse.jdt.internal.core.index.DiskIndex::addQueryResult@54 (line 161)
                      ; - org.eclipse.jdt.internal.core.index.DiskIndex::addQueryResults@687 (line 256)
  0x00007f612e52ef88: 74b3 e5fe 

  0x00007f612e52ef8c: ;   {other}
  0x00007f612e52ef8c: 0f1f 8400 | fc29 0048 | bef6 ffff | ff8b ea90 

  0x00007f612e52ef9c: ;   {runtime_call UncommonTrapBlob}
  0x00007f612e52ef9c: c5f8 77e8 

  0x00007f612e52efa0: ; ImmutableOopMap {[112]=Oop }
                      ;*aastore {reexecute=1 rethrow=0 return_oop=0}
                      ; - (reexecute) org.eclipse.jdt.internal.compiler.util.HashtableOfObject::putUnsafely@54 (line 137)
                      ; - org.eclipse.jdt.internal.core.index.DiskIndex::addQueryResult@54 (line 161)
                      ; - org.eclipse.jdt.internal.core.index.DiskIndex::addQueryResults@687 (line 256)
  0x00007f612e52efa0: 5cb3 e5fe 

  0x00007f612e52efa4: ;   {other}
  0x00007f612e52efa4: 0f1f 8400 | 142a 0049 | bef6 ffff | ff66 6690 

  0x00007f612e52efb4: ;   {runtime_call UncommonTrapBlob}
  0x00007f612e52efb4: c5f8 77e8 

  0x00007f612e52efb8: ; ImmutableOopMap {}
                      ;*arraylength {reexecute=0 rethrow=0 return_oop=0}
                      ; - org.eclipse.jdt.internal.core.index.DiskIndex::addQueryResults@645 (line 253)
  0x00007f612e52efb8: 44b3 e5fe 

  0x00007f612e52efbc: ;   {other}
  0x00007f612e52efbc: 0f1f 8400 | 2c2a 004a | bef6 ffff | ff66 6690 

  0x00007f612e52efcc: ;   {runtime_call UncommonTrapBlob}
  0x00007f612e52efcc: c5f8 77e8 

  0x00007f612e52efd0: ; ImmutableOopMap {}
                      ;*arraylength {reexecute=0 rethrow=0 return_oop=0}
                      ; - org.eclipse.jdt.internal.core.index.DiskIndex::addQueryResults@355 (line 220)
  0x00007f612e52efd0: 2cb3 e5fe 

  0x00007f612e52efd4: ;   {other}
  0x00007f612e52efd4: 0f1f 8400 | 442a 004b | bef6 ffff | ff66 6690 

  0x00007f612e52efe4: ;   {runtime_call UncommonTrapBlob}
  0x00007f612e52efe4: c5f8 77e8 

  0x00007f612e52efe8: ; ImmutableOopMap {}
                      ;*arraylength {reexecute=0 rethrow=0 return_oop=0}
                      ; - org.eclipse.jdt.internal.core.index.DiskIndex::addQueryResults@596 (line 248)
  0x00007f612e52efe8: 14b3 e5fe 

  0x00007f612e52efec: ;   {other}
  0x00007f612e52efec: 0f1f 8400 | 5c2a 004c | bef6 ffff | ff66 6690 

  0x00007f612e52effc: ;   {runtime_call UncommonTrapBlob}
  0x00007f612e52effc: c5f8 77e8 

  0x00007f612e52f000: ; ImmutableOopMap {}
                      ;*arraylength {reexecute=0 rethrow=0 return_oop=0}
                      ; - org.eclipse.jdt.internal.core.index.DiskIndex::addQueryResults@91 (line 195)
  0x00007f612e52f000: fcb2 e5fe 

  0x00007f612e52f004: ;   {other}
  0x00007f612e52f004: 0f1f 8400 | 742a 004d | bef6 ffff | ff41 8be8 

  0x00007f612e52f014: ;   {runtime_call UncommonTrapBlob}
  0x00007f612e52f014: c5f8 77e8 

  0x00007f612e52f018: ; ImmutableOopMap {}
                      ;*aaload {reexecute=0 rethrow=0 return_oop=0}
                      ; - org.eclipse.jdt.internal.core.index.DiskIndex::addQueryResults@401 (line 223)
  0x00007f612e52f018: e4b2 e5fe 

  0x00007f612e52f01c: ;   {other}
  0x00007f612e52f01c: 0f1f 8400 | 8c2a 004e | bef6 ffff | ff66 6690 

  0x00007f612e52f02c: ;   {runtime_call UncommonTrapBlob}
  0x00007f612e52f02c: c5f8 77e8 

  0x00007f612e52f030: ; ImmutableOopMap {}
                      ;*arraylength {reexecute=0 rethrow=0 return_oop=0}
                      ; - org.eclipse.jdt.internal.core.index.DiskIndex::addQueryResults@220 (line 206)
  0x00007f612e52f030: ccb2 e5fe 

  0x00007f612e52f034: ;   {other}
  0x00007f612e52f034: 0f1f 8400 | a42a 004f | bef6 ffff | ff66 6690 

  0x00007f612e52f044: ;   {runtime_call UncommonTrapBlob}
  0x00007f612e52f044: c5f8 77e8 

  0x00007f612e52f048: ; ImmutableOopMap {}
                      ;*arraylength {reexecute=0 rethrow=0 return_oop=0}
                      ; - org.eclipse.jdt.internal.core.index.DiskIndex::addQueryResults@306 (line 215)
  0x00007f612e52f048: b4b2 e5fe 

  0x00007f612e52f04c: ;   {other}
  0x00007f612e52f04c: 0f1f 8400 | bc2a 0050 | bef6 ffff | ff66 6690 

  0x00007f612e52f05c: ;   {runtime_call UncommonTrapBlob}
  0x00007f612e52f05c: c5f8 77e8 

  0x00007f612e52f060: ; ImmutableOopMap {}
                      ;*arraylength {reexecute=0 rethrow=0 return_oop=0}
                      ; - org.eclipse.jdt.internal.core.index.DiskIndex::addQueryResults@23 (line 188)
  0x00007f612e52f060: 9cb2 e5fe 

  0x00007f612e52f064: ;   {other}
  0x00007f612e52f064: 0f1f 8400 | d42a 0051 | bef6 ffff | ff8b 6c24 | 0466 6690 

  0x00007f612e52f078: ;   {runtime_call UncommonTrapBlob}
  0x00007f612e52f078: c5f8 77e8 

  0x00007f612e52f07c: ; ImmutableOopMap {}
                      ;*aaload {reexecute=0 rethrow=0 return_oop=0}
                      ; - org.eclipse.jdt.internal.core.index.DiskIndex::addQueryResults@547 (line 240)
  0x00007f612e52f07c: 80b2 e5fe 

  0x00007f612e52f080: ;   {other}
  0x00007f612e52f080: 0f1f 8400 | f02a 0052 | 488b f0e9 | 9a00 0000 | 488b f0e9 | 9200 0000 | e95d 0000 | 0066 6690 
  0x00007f612e52f0a0: e955 0000 | 00e9 5000 | 0000 488b | f0e9 7800 | 0000 488b | f0e9 7000 | 0000 488b | f066 6690 
  0x00007f612e52f0c0: e965 0000 | 00eb 0048 | 8bf0 e95b | 0000 0048 | 8bf0 e953 | 0000 00e9 | 1e00 0000 | eb1c 6690 
  0x00007f612e52f0e0: e937 0000 | 00e9 3200 | 0000 488b | f0e9 3800 | 0000 488b | f0e9 3000 | 0000 488b | f066 6690 
  0x00007f612e52f100: e925 0000 | 0048 8bf0 | e91d 0000 | 0048 8bf0 | eb18 488b | f0eb 1348 | 8bf0 eb0e | 488b f090 
  0x00007f612e52f120: eb08 488b | f0eb 0348 | 8bf0 c5f8 | 7748 81c4 | a000 0000 

  0x00007f612e52f134: ;   {runtime_call _rethrow_Java}
  0x00007f612e52f134: 5de9 c6f5 | f0fe bef6 | ffff ff90 

  0x00007f612e52f140: ;   {runtime_call UncommonTrapBlob}
  0x00007f612e52f140: c5f8 77e8 

  0x00007f612e52f144: ; ImmutableOopMap {}
                      ;*arraylength {reexecute=0 rethrow=0 return_oop=0}
                      ; - org.eclipse.jdt.internal.core.index.DiskIndex::addQueryResults@510 (line 237)
  0x00007f612e52f144: b8b1 e5fe 

  0x00007f612e52f148: ;   {other}
  0x00007f612e52f148: 0f1f 8400 | b82b 0053 | bef6 ffff | ff66 6690 

  0x00007f612e52f158: ;   {runtime_call UncommonTrapBlob}
  0x00007f612e52f158: c5f8 77e8 

  0x00007f612e52f15c: ; ImmutableOopMap {}
                      ;*arraylength {reexecute=0 rethrow=0 return_oop=0}
                      ; - org.eclipse.jdt.internal.core.index.DiskIndex::addQueryResults@461 (line 232)
  0x00007f612e52f15c: a0b1 e5fe 

  0x00007f612e52f160: ;   {other}
  0x00007f612e52f160: 0f1f 8400 | d02b 0054 | 4883 ec08 | c5fb 110c 

  0x00007f612e52f170: ;   {runtime_call StubRoutines (initial stubs)}
  0x00007f612e52f170: 24e8 f78b | e0fe 415b | e969 e9ff 

  0x00007f612e52f17c: ;   {internal_word}
  0x00007f612e52f17c: ff49 ba0a | d152 2e61 | 7f00 004d | 8997 6804 

  0x00007f612e52f18c: ;   {runtime_call SafepointBlob}
  0x00007f612e52f18c: 0000 e96d 

  0x00007f612e52f190: ;   {runtime_call StubRoutines (final stubs)}
  0x00007f612e52f190: c2e5 fee8 | 48fe e3fe | e941 d8ff | fff4 f4f4 
[Stub Code]
  0x00007f612e52f1a0: ;   {no_reloc}
  0x00007f612e52f1a0: 48bb 0000 | 0000 0000 

  0x00007f612e52f1a8: ;   {runtime_call nmethod}
  0x00007f612e52f1a8: 0000 e9fb 

  0x00007f612e52f1ac: ;   {static_stub}
  0x00007f612e52f1ac: ffff ff48 | bb00 0000 | 0000 0000 

  0x00007f612e52f1b8: ;   {runtime_call nmethod}
  0x00007f612e52f1b8: 00e9 fbff 

  0x00007f612e52f1bc: ;   {static_stub}
  0x00007f612e52f1bc: ffff 48bb | 0000 0000 | 0000 0000 

  0x00007f612e52f1c8: ;   {runtime_call nmethod}
  0x00007f612e52f1c8: e9fb ffff 

  0x00007f612e52f1cc: ;   {static_stub}
  0x00007f612e52f1cc: ff48 bb70 | eca2 d260 

  0x00007f612e52f1d4: ;   {runtime_call I2C/C2I adapters}
  0x00007f612e52f1d4: 7f00 00e9 | 8e0c e5fe 

  0x00007f612e52f1dc: ;   {static_stub}
  0x00007f612e52f1dc: 48bb 0000 | 0000 0000 

  0x00007f612e52f1e4: ;   {runtime_call nmethod}
  0x00007f612e52f1e4: 0000 e9fb 

  0x00007f612e52f1e8: ;   {static_stub}
  0x00007f612e52f1e8: ffff ff48 | bb00 0000 | 0000 0000 

  0x00007f612e52f1f4: ;   {runtime_call nmethod}
  0x00007f612e52f1f4: 00e9 fbff 

  0x00007f612e52f1f8: ;   {static_stub}
  0x00007f612e52f1f8: ffff 48bb | 0000 0000 | 0000 0000 

  0x00007f612e52f204: ;   {runtime_call nmethod}
  0x00007f612e52f204: e9fb ffff 

  0x00007f612e52f208: ;   {static_stub}
  0x00007f612e52f208: ff48 bb00 | 0000 0000 

  0x00007f612e52f210: ;   {runtime_call nmethod}
  0x00007f612e52f210: 0000 00e9 | fbff ffff 
[Exception Handler]
  0x00007f612e52f218: ;   {runtime_call ExceptionBlob}
  0x00007f612e52f218: e963 6de7 | fee8 0000 | 0000 4883 

  0x00007f612e52f224: ;   {runtime_call DeoptimizationBlob}
  0x00007f612e52f224: 2c24 05e9 | 74b4 e5fe | f4f4 f4f4 
[/MachCode]


Compiled method (c2) 6537616 13316   !   4       org.eclipse.jdt.internal.core.index.Index::query (203 bytes)
 total in heap  [0x00007f612e29fd10,0x00007f612e2a0ad0] = 3520
 relocation     [0x00007f612e29fe68,0x00007f612e29ff28] = 192
 main code      [0x00007f612e29ff40,0x00007f612e2a0550] = 1552
 stub code      [0x00007f612e2a0550,0x00007f612e2a05d0] = 128
 oops           [0x00007f612e2a05d0,0x00007f612e2a05d8] = 8
 metadata       [0x00007f612e2a05d8,0x00007f612e2a0648] = 112
 scopes data    [0x00007f612e2a0648,0x00007f612e2a0860] = 536
 scopes pcs     [0x00007f612e2a0860,0x00007f612e2a09b0] = 336
 dependencies   [0x00007f612e2a09b0,0x00007f612e2a09e0] = 48
 handler table  [0x00007f612e2a09e0,0x00007f612e2a0aa0] = 192
 nul chk table  [0x00007f612e2a0aa0,0x00007f612e2a0ad0] = 48

[Constant Pool (empty)]

[MachCode]
[Entry Point]
  # {method} {0x00007f60d2a2f7f8} 'query' '([[C[CI)[Lorg/eclipse/jdt/internal/core/index/EntryResult;' in 'org/eclipse/jdt/internal/core/index/Index'
  # this:     rsi:rsi   = 'org/eclipse/jdt/internal/core/index/Index'
  # parm0:    rdx:rdx   = '[[C'
  # parm1:    rcx:rcx   = '[C'
  # parm2:    r8        = int
  #           [sp+0x50]  (sp of caller)
  0x00007f612e29ff40: 448b 5608 | 49bb 0000 | 00db 607f | 0000 4d03 | d349 3bc2 

  0x00007f612e29ff54: ;   {runtime_call ic_miss_stub}
  0x00007f612e29ff54: 0f85 264e | 0eff 6690 | 0f1f 4000 
[Verified Entry Point]
  0x00007f612e29ff60: 8984 2400 | c0fe ff55 | 4883 ec40 | 4181 7f20 | 0600 0000 | 0f85 c605 | 0000 4489 | 4424 1048 
  0x00007f612e29ff80: 894c 2408 | 4889 1424 | 4889 7424 | 188b 6e14 | 85ed 0f84 | f503 0000 | 448b 561c | 0f1f 4000 
  0x00007f612e29ffa0: ; implicit exception: dispatches to 0x00007f612e2a0470
  0x00007f612e29ffa0: 458b 4210 

  0x00007f612e29ffa4: ; implicit exception: dispatches to 0x00007f612e2a0484
  0x00007f612e29ffa4: 458b 580c | 458b 420c | 453b d87c | 474c 8bd5 | 4c89 5424 | 2049 8bf2 

  0x00007f612e29ffbc: ;   {optimized virtual_call}
  0x00007f612e29ffbc: 6666 90e8 

  0x00007f612e29ffc0: ; ImmutableOopMap {rbp=NarrowOop [0]=Oop [8]=Oop [24]=Oop [32]=Oop }
                      ;*invokevirtual exitReadEnterWrite {reexecute=0 rethrow=0 return_oop=0}
                      ; - org.eclipse.jdt.internal.core.index.Index::query@25 (line 284)
  0x00007f612e29ffc0: bc50 0eff 

  0x00007f612e29ffc4: ;   {other}
  0x00007f612e29ffc4: 0f1f 8400 | b402 0000 | 85c0 7428 | 488b 7424 

  0x00007f612e29ffd4: ;   {optimized virtual_call}
  0x00007f612e29ffd4: 1866 90e8 

  0x00007f612e29ffd8: ; ImmutableOopMap {rbp=NarrowOop [0]=Oop [8]=Oop [24]=Oop [32]=Oop }
                      ;*invokevirtual save {reexecute=0 rethrow=0 return_oop=0}
                      ; - org.eclipse.jdt.internal.core.index.Index::query@32 (line 286)
  0x00007f612e29ffd8: a450 0eff 

  0x00007f612e29ffdc: ;   {other}
  0x00007f612e29ffdc: 0f1f 8400 | cc02 0001 | 488b 7424 

  0x00007f612e29ffe8: ;   {optimized virtual_call}
  0x00007f612e29ffe8: 2066 90e8 

  0x00007f612e29ffec: ; ImmutableOopMap {[0]=Oop [8]=Oop [24]=Oop }
                      ;*invokevirtual exitWriteEnterRead {reexecute=0 rethrow=0 return_oop=0}
                      ; - org.eclipse.jdt.internal.core.index.Index::query@51 (line 288)
  0x00007f612e29ffec: 9050 0eff 

  0x00007f612e29fff0: ;   {other}
  0x00007f612e29fff0: 0f1f 8400 | e002 0002 | 4c8b 5424 | 1845 8b5a | 1c8b 6c24 | 1081 e58f | 0700 0045 | 8b43 1045 
  0x00007f612e2a0010: 8b50 0c4c | 8b44 2418 | 418b 4818 | 0f1f 4000 | 4585 d20f | 8e61 0000 | 0085 c90f | 84d7 0300 
  0x00007f612e2a0030: 004d 8bcb | 488b f148 | 8b14 2448 | 8b4c 2408 

  0x00007f612e2a0040: ;   {optimized virtual_call}
  0x00007f612e2a0040: 448b c5e8 

  0x00007f612e2a0044: ; ImmutableOopMap {[0]=Oop [8]=Oop [24]=Oop }
                      ;*invokevirtual addQueryResults {reexecute=0 rethrow=0 return_oop=1}
                      ; - org.eclipse.jdt.internal.core.index.Index::query@83 (line 295)
  0x00007f612e2a0044: 78c9 2800 

  0x00007f612e2a0048: ;   {other}
  0x00007f612e2a0048: 0f1f 8400 | 3803 0003 | 4c8b 5424 | 1845 8b52 | 1c0f 1f80 | 0000 0000 | 4585 d20f | 84bb 0300 
  0x00007f612e2a0068: 0049 8bf2 | 488b 1424 | 488b 4c24 | 0844 8bc5 

  0x00007f612e2a0078: ;   {optimized virtual_call}
  0x00007f612e2a0078: 4c8b c8e8 

  0x00007f612e2a007c: ; ImmutableOopMap {}
                      ;*invokevirtual addQueryResults {reexecute=0 rethrow=0 return_oop=1}
                      ; - org.eclipse.jdt.internal.core.index.Index::query@98 (line 296)
  0x00007f612e2a007c: 0c05 0000 

  0x00007f612e2a0080: ;   {other}
  0x00007f612e2a0080: 0f1f 8400 | 7003 0004 | eb2a 85c9 | 0f84 6203 | 0000 488b | f148 8b14 | 2448 8b4c | 2408 448b 
  0x00007f612e2a00a0: c545 33c9 

  0x00007f612e2a00a4: ;   {optimized virtual_call}
  0x00007f612e2a00a4: 6666 90e8 

  0x00007f612e2a00a8: ; ImmutableOopMap {}
                      ;*invokevirtual addQueryResults {reexecute=0 rethrow=0 return_oop=1}
                      ; - org.eclipse.jdt.internal.core.index.Index::query@115 (line 298)
  0x00007f612e2a00a8: 14c9 2800 

  0x00007f612e2a00ac: ;   {other}
  0x00007f612e2a00ac: 0f1f 8400 | 9c03 0005 | 488b e866 | 0f1f 8400 | 0000 0000 | 4885 c00f | 84c4 0200 | 0044 8b58 
  0x00007f612e2a00cc: 0c44 891c | 2441 81fb | 0000 0400 | 0f87 e702 | 0000 4d63 | d341 81fb | 0000 0400 | 0f87 ae02 
  0x00007f612e2a00ec: 0000 4a8d | 0c95 1700 | 0000 4c8b | d149 83e2 | f84d 8b87 | b801 0000 | 4d8b d84d | 03da 4d3b 
  0x00007f612e2a010c: 9fc8 0100 | 000f 8385 | 0200 004d | 899f b801 | 0000 410f | 0d8b c000 | 0000 49c7 | 0001 0000 
  0x00007f612e2a012c: 0041 0f0d | 8b00 0100 

  0x00007f612e2a0134: ;   {metadata('org/eclipse/jdt/internal/core/index/EntryResult'[])}
  0x00007f612e2a0134: 0041 c740 | 0888 9975 | 0144 8b14 | 2445 8950 | 0c41 0f0d | 8b40 0100 | 0049 8bf8 | 4883 c710 
  0x00007f612e2a0154: 410f 0d8b | 8001 0000 | 48c1 e903 | 4883 c1fe | 4833 c048 | 83f9 087f | 1048 ffc9 | 784f 4889 
  0x00007f612e2a0174: 04cf 48ff | c97d f7eb | 44c5 fdef | c0e9 0d00 | 0000 c5fe | 7f07 c5fe | 7f47 2048 | 83c7 4048 
  0x00007f612e2a0194: 83e9 087d | ed48 83c1 | 047c 0cc5 | fe7f 0748 | 83c7 2048 | 83e9 0448 | 83c1 047e | 1048 ffc9 
  0x00007f612e2a01b4: c5f9 d607 | 4883 c708 | 48ff c97d | f38b 5d18 

  0x00007f612e2a01c4: ; implicit exception: dispatches to 0x00007f612e2a04c0
  0x00007f612e2a01c4: 8b6b 0c85 | ed0f 86ca | 0000 008b | f5ff ce3b | f50f 83f2 | 0100 0044 | 8b53 108b | 3c24 48b8 
  0x00007f612e2a01e4: 0020 613d | 617f 0000 | 4533 dbb9 | 0100 0000 | 4585 d274 | 3a45 8b4a | 0866 6690 

  0x00007f612e2a0200: ;   {metadata('org/eclipse/jdt/internal/core/index/EntryResult')}
  0x00007f612e2a0200: 4181 f950 | 9775 010f | 852f 0200 | 004d 8bca | 85ff 0f84 | d001 0000 | 4d8b d049 | 83c2 104d 
  0x00007f612e2a0220: 8bd9 4589 | 1a49 c1ea | 0946 8824 | 1041 bb01 | 0000 0083 | fe01 0f8f | 9200 0000 | 0f1f 4000 
  0x00007f612e2a0240: 3bcd 0f8d | 5100 0000 | 448b 548b | 1045 85d2 | 0f84 3e01 | 0000 458b | 4a08 660f | 1f44 0000 
  0x00007f612e2a0260: ;   {metadata('org/eclipse/jdt/internal/core/index/EntryResult')}
  0x00007f612e2a0260: 4181 f950 | 9775 010f | 85da 0100 | 004d 8bca | 418b d3ff | c244 3bdf | 0f83 d500 | 0000 4f8d 
  0x00007f612e2a0280: 5498 1045 | 890a 49c1 | ea09 4688 | 2410 ffc1 | 3bcd 7d05 | 448b daeb | af49 8bc0 | 4883 c440 
  0x00007f612e2a02a0: ;   {poll_return}
  0x00007f612e2a02a0: 5d49 3ba7 | 5004 0000 | 0f87 7c02 | 0000 c390 | 4d8d 5490 | 1049 8bd1 | 4189 1249 | c1ea 0946 
  0x00007f612e2a02c0: 8824 1083 | c102 3bce | 0f8d 6eff | ffff 448b | 548b 1045 | 85d2 0f84 | a400 0000 | 418b 5208 
  0x00007f612e2a02e0: ;   {metadata('org/eclipse/jdt/internal/core/index/EntryResult')}
  0x00007f612e2a02e0: 81fa 5097 | 7501 0f85 | 5b01 0000 | 4d8b ca41 | 8bd3 ffc2 | 443b df0f | 8356 0000 | 004f 8d54 
  0x00007f612e2a0300: 9810 4d8b | d945 891a | 49c1 ea09 | 4688 2410 | 448b 548b | 1445 85d2 | 0f84 6700 | 0000 458b 
  0x00007f612e2a0320: ;   {metadata('org/eclipse/jdt/internal/core/index/EntryResult')}
  0x00007f612e2a0320: 5a08 4181 | fb50 9775 | 010f 8513 | 0100 004d | 8bca 448b | da41 ffc3 | 0f1f 8400 | 0000 0000 
  0x00007f612e2a0340: 3bd7 0f82 | 68ff ffff | ffc1 448b | d241 8bd3 | 458b dabe | e4ff ffff | 8954 2408 | 894c 240c 
  0x00007f612e2a0360: 895c 2410 | 4c89 4424 | 1844 895c | 2414 4c89 

  0x00007f612e2a0370: ;   {runtime_call UncommonTrapBlob}
  0x00007f612e2a0370: 4c24 20e8 

  0x00007f612e2a0374: ; ImmutableOopMap {[16]=NarrowOop [24]=Oop [32]=Oop }
                      ;*aastore {reexecute=1 rethrow=0 return_oop=0}
                      ; - (reexecute) org.eclipse.jdt.internal.core.index.Index::query@189 (line 308)
  0x00007f612e2a0374: 889f 0eff 

  0x00007f612e2a0378: ;   {other}
  0x00007f612e2a0378: 0f1f 8400 | 6806 0006 | 418b d3eb | 8b44 8bda | e936 ffff | ff33 c0e9 | 08ff ffff | 418b d3e9 
  0x00007f612e2a0398: f2fe ffff 

  0x00007f612e2a039c: ;   {metadata('org/eclipse/jdt/internal/core/index/EntryResult'[])}
  0x00007f612e2a039c: 48be 8899 | 75dc 607f | 0000 8b14 

  0x00007f612e2a03a8: ;   {runtime_call _new_array_Java}
  0x00007f612e2a03a8: 2466 90e8 

  0x00007f612e2a03ac: ; ImmutableOopMap {rbp=Oop }
                      ;*anewarray {reexecute=0 rethrow=0 return_oop=1}
                      ; - org.eclipse.jdt.internal.core.index.Index::query@132 (line 302)
  0x00007f612e2a03ac: d085 19ff 

  0x00007f612e2a03b0: ;   {other}
  0x00007f612e2a03b0: 0f1f 8400 | a006 0007 | 4c8b c00f | 1f44 0000 | e9fc fdff | ff4d 63d3 | e914 fdff | ffbe 76ff 
  0x00007f612e2a03d0: ffff 4c89 | 0424 895c 

  0x00007f612e2a03d8: ;   {runtime_call UncommonTrapBlob}
  0x00007f612e2a03d8: 2408 90e8 

  0x00007f612e2a03dc: ; ImmutableOopMap {[0]=Oop [8]=NarrowOop }
                      ;*if_icmplt {reexecute=1 rethrow=0 return_oop=0}
                      ; - (reexecute) org.eclipse.jdt.internal.core.index.Index::query@197 (line 305)
  0x00007f612e2a03dc: 209f 0eff 

  0x00007f612e2a03e0: ;   {other}
  0x00007f612e2a03e0: 0f1f 8400 | d006 0008 | ba01 0000 | 0033 c9e9 | 5fff ffff | bef6 ffff 

  0x00007f612e2a03f8: ;   {runtime_call UncommonTrapBlob}
  0x00007f612e2a03f8: ff66 90e8 

  0x00007f612e2a03fc: ; ImmutableOopMap {[0]=Oop [8]=Oop }
                      ;*invokevirtual addQueryResults {reexecute=0 rethrow=0 return_oop=0}
                      ; - org.eclipse.jdt.internal.core.index.Index::query@115 (line 298)
  0x00007f612e2a03fc: 009f 0eff 

  0x00007f612e2a0400: ;   {other}
  0x00007f612e2a0400: 0f1f 8400 | f006 0009 | bef6 ffff | ff4c 8944 | 2410 4489 

  0x00007f612e2a0414: ;   {runtime_call UncommonTrapBlob}
  0x00007f612e2a0414: 5c24 2ce8 

  0x00007f612e2a0418: ; ImmutableOopMap {[0]=Oop [8]=Oop [16]=Oop [44]=NarrowOop }
                      ;*invokevirtual addQueryResults {reexecute=0 rethrow=0 return_oop=0}
                      ; - org.eclipse.jdt.internal.core.index.Index::query@83 (line 295)
  0x00007f612e2a0418: e49e 0eff 

  0x00007f612e2a041c: ;   {other}
  0x00007f612e2a041c: 0f1f 8400 | 0c07 000a | bef6 ffff | ff48 8944 

  0x00007f612e2a042c: ;   {runtime_call UncommonTrapBlob}
  0x00007f612e2a042c: 2410 90e8 

  0x00007f612e2a0430: ; ImmutableOopMap {[0]=Oop [8]=Oop [16]=Oop }
                      ;*invokevirtual addQueryResults {reexecute=0 rethrow=0 return_oop=0}
                      ; - org.eclipse.jdt.internal.core.index.Index::query@98 (line 296)
  0x00007f612e2a0430: cc9e 0eff 

  0x00007f612e2a0434: ;   {other}
  0x00007f612e2a0434: 0f1f 8400 | 2407 000b | 33c9 6690 | eb05 ffc1 | 448b dabe | deff ffff | 4c89 0424 | 4489 5c24 
  0x00007f612e2a0454: 0889 4c24 | 0c89 5c24 | 1044 8954 

  0x00007f612e2a0460: ;   {runtime_call UncommonTrapBlob}
  0x00007f612e2a0460: 2414 90e8 

  0x00007f612e2a0464: ; ImmutableOopMap {[0]=Oop [16]=NarrowOop [20]=NarrowOop }
                      ;*checkcast {reexecute=0 rethrow=0 return_oop=0}
                      ; - org.eclipse.jdt.internal.core.index.Index::query@170 (line 306)
  0x00007f612e2a0464: 989e 0eff 

  0x00007f612e2a0468: ;   {other}
  0x00007f612e2a0468: 0f1f 8400 | 5807 000c | bef6 ffff 

  0x00007f612e2a0474: ;   {runtime_call UncommonTrapBlob}
  0x00007f612e2a0474: ff66 90e8 

  0x00007f612e2a0478: ; ImmutableOopMap {rbp=NarrowOop [0]=Oop [8]=Oop [24]=Oop }
                      ;*invokevirtual shouldMerge {reexecute=0 rethrow=0 return_oop=0}
                      ; - org.eclipse.jdt.internal.core.index.Index::query@17 (line 284)
  0x00007f612e2a0478: 849e 0eff 

  0x00007f612e2a047c: ;   {other}
  0x00007f612e2a047c: 0f1f 8400 | 6c07 000d | bef6 ffff 

  0x00007f612e2a0488: ;   {runtime_call UncommonTrapBlob}
  0x00007f612e2a0488: ff66 90e8 

  0x00007f612e2a048c: ; ImmutableOopMap {rbp=NarrowOop [0]=Oop [8]=Oop [24]=Oop }
                      ;*getfield elementSize {reexecute=1 rethrow=0 return_oop=0}
                      ; - (reexecute) org.eclipse.jdt.internal.core.index.MemoryIndex::shouldMerge@4 (line 127)
                      ; - org.eclipse.jdt.internal.core.index.Index::query@17 (line 284)
  0x00007f612e2a048c: 709e 0eff 

  0x00007f612e2a0490: ;   {other}
  0x00007f612e2a0490: 0f1f 8400 | 8007 000e | bef6 ffff 

  0x00007f612e2a049c: ;   {runtime_call UncommonTrapBlob}
  0x00007f612e2a049c: ff66 90e8 

  0x00007f612e2a04a0: ; ImmutableOopMap {[0]=Oop [8]=Oop [24]=Oop }
                      ;*invokevirtual hasChanged {reexecute=0 rethrow=0 return_oop=0}
                      ; - org.eclipse.jdt.internal.core.index.Index::query@65 (line 294)
  0x00007f612e2a04a0: 5c9e 0eff 

  0x00007f612e2a04a4: ;   {other}
  0x00007f612e2a04a4: 0f1f 8400 | 9407 000f | bef6 ffff 

  0x00007f612e2a04b0: ;   {runtime_call UncommonTrapBlob}
  0x00007f612e2a04b0: ff66 90e8 

  0x00007f612e2a04b4: ; ImmutableOopMap {[0]=Oop [8]=Oop [24]=Oop }
                      ;*getfield elementSize {reexecute=1 rethrow=0 return_oop=0}
                      ; - (reexecute) org.eclipse.jdt.internal.core.index.MemoryIndex::hasChanged@4 (line 117)
                      ; - org.eclipse.jdt.internal.core.index.Index::query@65 (line 294)
  0x00007f612e2a04b4: 489e 0eff 

  0x00007f612e2a04b8: ;   {other}
  0x00007f612e2a04b8: 0f1f 8400 | a807 0010 | bef6 ffff | ff49 8be8 

  0x00007f612e2a04c8: ;   {runtime_call UncommonTrapBlob}
  0x00007f612e2a04c8: 6666 90e8 

  0x00007f612e2a04cc: ; ImmutableOopMap {rbp=Oop }
                      ;*arraylength {reexecute=0 rethrow=0 return_oop=0}
                      ; - org.eclipse.jdt.internal.core.index.Index::query@152 (line 305)
  0x00007f612e2a04cc: 309e 0eff 

  0x00007f612e2a04d0: ;   {other}
  0x00007f612e2a04d0: 0f1f 8400 | c007 0011 | 488b f00f | 1f44 0000 | e93b 0000 | 0048 8bf0 | e933 0000 | 0048 8be8 
  0x00007f612e2a04f0: 488b 7424 

  0x00007f612e2a04f4: ;   {optimized virtual_call}
  0x00007f612e2a04f4: 2066 90e8 

  0x00007f612e2a04f8: ; ImmutableOopMap {rbp=Oop }
                      ;*invokevirtual exitWriteEnterRead {reexecute=0 rethrow=0 return_oop=0}
                      ; - org.eclipse.jdt.internal.core.index.Index::query@43 (line 288)
  0x00007f612e2a04f8: 844b 0eff 

  0x00007f612e2a04fc: ;   {other}
  0x00007f612e2a04fc: 0f1f 8400 | ec07 0012 | 488b f5eb | 1748 8bf0 | eb12 488b | f0eb 0d48 | 8bf0 eb08 | 488b f0eb 
  0x00007f612e2a051c: 0348 8bf0 | 4883 c440 

  0x00007f612e2a0524: ;   {runtime_call _rethrow_Java}
  0x00007f612e2a0524: 5de9 d6e1 

  0x00007f612e2a0528: ;   {internal_word}
  0x00007f612e2a0528: 19ff 49ba | a102 2a2e | 617f 0000 | 4d89 9768 

  0x00007f612e2a0538: ;   {runtime_call SafepointBlob}
  0x00007f612e2a0538: 0400 00e9 | c0ae 0eff 

  0x00007f612e2a0540: ;   {runtime_call StubRoutines (final stubs)}
  0x00007f612e2a0540: e89b ea0c | ffe9 30fa | ffff f4f4 | f4f4 f4f4 
[Stub Code]
  0x00007f612e2a0550: ;   {no_reloc}
  0x00007f612e2a0550: 48bb 0000 | 0000 0000 

  0x00007f612e2a0558: ;   {runtime_call nmethod}
  0x00007f612e2a0558: 0000 e9fb 

  0x00007f612e2a055c: ;   {static_stub}
  0x00007f612e2a055c: ffff ff48 | bb00 0000 | 0000 0000 

  0x00007f612e2a0568: ;   {runtime_call nmethod}
  0x00007f612e2a0568: 00e9 fbff 

  0x00007f612e2a056c: ;   {static_stub}
  0x00007f612e2a056c: ffff 48bb | 0000 0000 | 0000 0000 

  0x00007f612e2a0578: ;   {runtime_call nmethod}
  0x00007f612e2a0578: e9fb ffff 

  0x00007f612e2a057c: ;   {static_stub}
  0x00007f612e2a057c: ff48 bb00 | 0000 0000 

  0x00007f612e2a0584: ;   {runtime_call nmethod}
  0x00007f612e2a0584: 0000 00e9 | fbff ffff 

  0x00007f612e2a058c: ;   {static_stub}
  0x00007f612e2a058c: 48bb 487f | 1ed3 607f 

  0x00007f612e2a0594: ;   {runtime_call I2C/C2I adapters}
  0x00007f612e2a0594: 0000 e9d8 

  0x00007f612e2a0598: ;   {static_stub}
  0x00007f612e2a0598: 4110 ff48 | bb58 7f1f | d360 7f00 

  0x00007f612e2a05a4: ;   {runtime_call I2C/C2I adapters}
  0x00007f612e2a05a4: 00e9 c941 

  0x00007f612e2a05a8: ;   {static_stub}
  0x00007f612e2a05a8: 10ff 48bb | 0000 0000 | 0000 0000 

  0x00007f612e2a05b4: ;   {runtime_call nmethod}
  0x00007f612e2a05b4: e9fb ffff 

  0x00007f612e2a05b8: ;   {runtime_call ExceptionBlob}
  0x00007f612e2a05b8: ffe9 c259 | 10ff e800 | 0000 0048 | 832c 2405 

  0x00007f612e2a05c8: ;   {runtime_call DeoptimizationBlob}
  0x00007f612e2a05c8: e9d3 a00e | fff4 f4f4 
[/MachCode]


Compiled method (c2) 6537631 20524   !   4       org.eclipse.jdt.core.search.SearchPattern::findIndexMatches (245 bytes)
 total in heap  [0x00007f612eea2510,0x00007f612eea61c8] = 15544
 relocation     [0x00007f612eea2668,0x00007f612eea2890] = 552
 main code      [0x00007f612eea28a0,0x00007f612eea49a0] = 8448
 stub code      [0x00007f612eea49a0,0x00007f612eea4ac8] = 296
 oops           [0x00007f612eea4ac8,0x00007f612eea4ae0] = 24
 metadata       [0x00007f612eea4ae0,0x00007f612eea4c58] = 376
 scopes data    [0x00007f612eea4c58,0x00007f612eea5a58] = 3584
 scopes pcs     [0x00007f612eea5a58,0x00007f612eea5e88] = 1072
 dependencies   [0x00007f612eea5e88,0x00007f612eea5f10] = 136
 handler table  [0x00007f612eea5f10,0x00007f612eea6168] = 600
 nul chk table  [0x00007f612eea6168,0x00007f612eea61c8] = 96

[Constant Pool (empty)]

[MachCode]
[Entry Point]
  # {method} {0x00007f60d1585b08} 'findIndexMatches' '(Lorg/eclipse/jdt/internal/core/index/Index;Lorg/eclipse/jdt/internal/core/search/IndexQueryRequestor;Lorg/eclipse/jdt/core/search/SearchParticipant;Lorg/eclipse/jdt/core/search/IJavaSearchScope;ZLorg/eclipse/core/runtime/IProgressMonitor;)V' in 'org/eclipse/jdt/core/search/SearchPattern'
  # this:     rsi:rsi   = 'org/eclipse/jdt/core/search/SearchPattern'
  # parm0:    rdx:rdx   = 'org/eclipse/jdt/internal/core/index/Index'
  # parm1:    rcx:rcx   = 'org/eclipse/jdt/internal/core/search/IndexQueryRequestor'
  # parm2:    r8:r8     = 'org/eclipse/jdt/core/search/SearchParticipant'
  # parm3:    r9:r9     = 'org/eclipse/jdt/core/search/IJavaSearchScope'
  # parm4:    rdi       = boolean
  # parm5:    [sp+0xe0]   = 'org/eclipse/core/runtime/IProgressMonitor'  (sp of caller)
  0x00007f612eea28a0: 448b 5608 | 49bb 0000 | 00db 607f | 0000 4d03 | d349 3bc2 

  0x00007f612eea28b4: ;   {runtime_call ic_miss_stub}
  0x00007f612eea28b4: 0f85 c624 | 4efe 6690 | 0f1f 4000 
[Verified Entry Point]
  0x00007f612eea28c0: 8984 2400 | c0fe ff55 | 4881 ecd0 | 0000 0090 | 4181 7f20 | 0600 0000 | 0f85 b820 | 0000 897c 
  0x00007f612eea28e0: 2438 4c89 | 4c24 304c | 8944 2428 | 4889 4c24 | 2048 8954 | 2468 4889 | 7424 404c | 8b94 24e0 
  0x00007f612eea2900: 0000 0045 

  0x00007f612eea2904: ;   {metadata('org/eclipse/jdt/internal/core/search/PatternSearchJob$ParallelSearchMonitor')}
  0x00007f612eea2904: 8b5a 0841 | 81fb 4859 | 5901 0f85 | 3015 0000 | 4c89 5424 | 4841 0fb6 | 6a0d 6690 | 85ed 0f85 
  0x00007f612eea2924: 8015 0000 | 418b 6a10 

  0x00007f612eea292c: ; implicit exception: dispatches to 0x00007f612eea4724
  0x00007f612eea292c: 448b 5d08 

  0x00007f612eea2930: ;   {metadata('org/eclipse/core/runtime/SubMonitor')}
  0x00007f612eea2930: 4181 fb90 | 341a 010f | 8543 1500 | 004c 8bd5 | 418b 6a20 | 83e5 0885 | ed0f 8581 | 1500 0045 
  0x00007f612eea2950: 8b52 2c45 | 8b5a 1049 | 8bf3 6666 | 9048 b8c0 | 3b08 6060 

  0x00007f612eea2964: ;   {virtual_call}
  0x00007f612eea2964: 7f00 00e8 

  0x00007f612eea2968: ; ImmutableOopMap {[32]=Oop [40]=Oop [48]=Oop [64]=Oop [72]=Oop [104]=Oop }
                      ;*invokeinterface isCanceled {reexecute=0 rethrow=0 return_oop=0}
                      ; - org.eclipse.core.runtime.SubMonitor$RootInfo::isCanceled@4 (line 278)
                      ; - org.eclipse.core.runtime.SubMonitor::isCanceled@14 (line 663)
                      ; - org.eclipse.jdt.internal.core.search.PatternSearchJob$ParallelSearchMonitor::isCanceled@11 (line 380)
                      ; - org.eclipse.jdt.core.search.SearchPattern::findIndexMatches@7 (line 2512)
  0x00007f612eea2968: 24c1 59fe 

  0x00007f612eea296c: ;   {other}
  0x00007f612eea296c: 0f1f 8400 | 5c04 0000 | 85c0 0f85 | 7c15 0000 | 4c8b 5424 | 6845 8b52 | 1845 85d2 | 7412 498b 
  0x00007f612eea298c: ;   {optimized virtual_call}
  0x00007f612eea298c: f266 90e8 

  0x00007f612eea2990: ; ImmutableOopMap {[32]=Oop [40]=Oop [48]=Oop [64]=Oop [72]=Oop [104]=Oop }
                      ;*invokevirtual startQuery {reexecute=0 rethrow=0 return_oop=0}
                      ; - org.eclipse.jdt.internal.core.index.Index::startQuery@11 (line 360)
                      ; - org.eclipse.jdt.core.search.SearchPattern::findIndexMatches@24 (line 2514)
  0x00007f612eea2990: ac15 03f7 

  0x00007f612eea2994: ;   {other}
  0x00007f612eea2994: 0f1f 8400 | 8404 0001 | 4c8b 5424 | 4045 8b5a 

  0x00007f612eea29a4: ;   {metadata('org/eclipse/jdt/internal/core/search/matching/TypeDeclarationPattern')}
  0x00007f612eea29a4: 0841 81fb | 30b7 2b01 | 0f85 680a | 0000 4d8b | ca45 8b59 | 2045 8b41 | 0c41 8b79 | 4048 8bdf 
  0x00007f612eea29c4: 4183 fbff | 0f8e c000 | 0000 4183 | fb05 0f8d | b600 0000 | 458b 5144 | 498b ca90 | 4183 fb02 
  0x00007f612eea29e4: 0f84 7a17 | 0000 4183 | fb02 0f8d | 9400 0000 | 4585 db0f | 8591 0000 | 0066 6690 | 85ff 0f84 
  0x00007f612eea2a04: 0c19 0000 | 418b e883 | cd01 4585 | d20f 840e | 1900 004c | 894c 2450 | 48ff 7424 | 6848 8f44 
  0x00007f612eea2a24: 2418 48ff | 7424 4048 | 8f84 24e0 

  0x00007f612eea2a30: ;   {oop([C{0x0000000080bef3a0})}
  0x00007f612eea2a30: 0000 0049 | b9a0 f3be | 8000 0000 | 0048 8bf3 | ba2f 0000 | 0041 b82f | 0000 0048 | ff74 2450 
  0x00007f612eea2a50: 488f 4424 

  0x00007f612eea2a54: ;   {static_call}
  0x00007f612eea2a54: 4066 90e8 

  0x00007f612eea2a58: ; ImmutableOopMap {[24]=Oop [32]=Oop [40]=Oop [48]=Oop [64]=Oop [72]=Oop [80]=Oop [104]=Oop [224]=Oop }
                      ;*invokestatic concat {reexecute=0 rethrow=0 return_oop=1}
                      ; - org.eclipse.jdt.internal.core.search.matching.TypeDeclarationPattern::queryIn@124 (line 315)
                      ; - org.eclipse.jdt.core.search.SearchPattern::findIndexMatches@36 (line 2516)
  0x00007f612eea2a58: 242c 4efe 

  0x00007f612eea2a5c: ;   {other}
  0x00007f612eea2a5c: 0f1f 8400 | 4c05 0002 | 448b c548 | ffb4 24e0 | 0000 0048 | 8f44 2440 | 48ff 7424 | 1848 8f44 
  0x00007f612eea2a7c: 2468 4c8b | 4c24 5048 | 8bd8 eb06 | 4183 fb03 

  0x00007f612eea2a8c: ;   {oop(a 'java/lang/Class'{0x0000000080d773f8} = 'org/eclipse/jdt/internal/core/search/matching/TypeDeclarationPattern')}
  0x00007f612eea2a8c: 7400 49ba | f873 d780 | 0000 0000 | 458b 5270 | 498b d248 | 8b74 2468 | 488b cb4c | 898c 24e0 
  0x00007f612eea2aac: ;   {optimized virtual_call}
  0x00007f612eea2aac: 0000 00e8 

  0x00007f612eea2ab0: ; ImmutableOopMap {[32]=Oop [40]=Oop [48]=Oop [64]=Oop [72]=Oop [104]=Oop [224]=Oop }
                      ;*invokevirtual query {reexecute=0 rethrow=0 return_oop=1}
                      ; - org.eclipse.jdt.internal.core.search.matching.TypeDeclarationPattern::queryIn@301 (line 353)
                      ; - org.eclipse.jdt.core.search.SearchPattern::findIndexMatches@36 (line 2516)
  0x00007f612eea2ab0: acd4 3fff 

  0x00007f612eea2ab4: ;   {other}
  0x00007f612eea2ab4: 0f1f 8400 | a405 0003 | 4c8b 5424 | 6845 8b52 | 184c 8bd8 | 4885 c00f | 8456 0000 | 0044 8b68 
  0x00007f612eea2ad4: 0c45 85ed | 0f86 da0c | 0000 488b | 4424 404c | 8b54 2468 | 450f b742 | 0c41 8b5a | 1045 8bcd 
  0x00007f612eea2af4: 41ff c966 | 0f1f 8400 | 0000 0000 | 453b cd0f | 8337 1400 | 0044 8b50 

  0x00007f612eea2b0c: ;   {metadata('org/eclipse/jdt/internal/core/search/matching/TypeDeclarationPattern')}
  0x00007f612eea2b0c: 0841 81fa | 30b7 2b01 | 0f85 2614 | 0000 488b | f848 8bd3 | 33f6 4533 | c9eb 4745 | 85d2 0f84 
  0x00007f612eea2b2c: ec02 0000 

  0x00007f612eea2b30: ;   {optimized virtual_call}
  0x00007f612eea2b30: 498b f2e8 

  0x00007f612eea2b34: ; ImmutableOopMap {}
                      ;*invokevirtual stopQuery {reexecute=0 rethrow=0 return_oop=0}
                      ; - org.eclipse.jdt.internal.core.index.Index::stopQuery@11 (line 364)
                      ; - org.eclipse.jdt.core.search.SearchPattern::findIndexMatches@47 (line 2539)
  0x00007f612eea2b34: c8a6 f6f6 

  0x00007f612eea2b38: ;   {other}
  0x00007f612eea2b38: 0f1f 8400 | 2806 0004 | e9d7 0200 | 004c 8b5c | 2460 448b | 6c24 5848 | 8b44 2440 | 448b 4424 
  0x00007f612eea2b58: 508b 5c24 | 5448 8b7c | 2470 488b | 9424 e000 | 0000 8b74 | 2478 438b | 6c8b 104c | 8b54 2448 
  0x00007f612eea2b78: 450f b652 | 0d66 6690 | 4585 d20f | 8545 0c00 | 004c 8b54 | 2448 458b | 5210 418b | 4a08 6666 
  0x00007f612eea2b98: 0f1f 8400 | 0000 0000 

  0x00007f612eea2ba0: ;   {metadata('org/eclipse/core/runtime/SubMonitor')}
  0x00007f612eea2ba0: 81f9 9034 | 1a01 0f85 | cc0b 0000 | 498b ca44 | 8b51 2041 | 83e2 0866 | 0f1f 8400 | 0000 0000 
  0x00007f612eea2bc0: 4585 d20f | 8543 0c00 | 0044 8b51 | 2c45 8b52 | 1089 6c24 | 7c44 894c | 245c 8974 | 2478 4889 
  0x00007f612eea2be0: 9424 e000 | 0000 4889 | 7c24 7089 | 5c24 5444 | 8944 2450 | 4889 4424 | 4044 896c | 2458 4c89 
  0x00007f612eea2c00: 5c24 6049 | 8bf2 488b | e848 b880 | 8485 dc60 

  0x00007f612eea2c10: ;   {virtual_call}
  0x00007f612eea2c10: 7f00 00e8 

  0x00007f612eea2c14: ; ImmutableOopMap {rbp=Oop [32]=Oop [40]=Oop [48]=Oop [64]=Oop [72]=Oop [84]=NarrowOop [96]=Oop [104]=Oop [112]=Oop [124]=NarrowOop [224]=Oop }
                      ;*invokeinterface isCanceled {reexecute=0 rethrow=0 return_oop=0}
                      ; - org.eclipse.core.runtime.SubMonitor$RootInfo::isCanceled@4 (line 278)
                      ; - org.eclipse.core.runtime.SubMonitor::isCanceled@14 (line 663)
                      ; - org.eclipse.jdt.internal.core.search.PatternSearchJob$ParallelSearchMonitor::isCanceled@11 (line 380)
                      ; - org.eclipse.jdt.core.search.SearchPattern::findIndexMatches@91 (line 2522)
  0x00007f612eea2c14: 8855 00ff 

  0x00007f612eea2c18: ;   {other}
  0x00007f612eea2c18: 0f1f 8400 | 0807 0005 | 85c0 0f85 | 240c 0000 | 498b 87b8 | 0100 004c | 8bd0 4983 | c258 6666 
  0x00007f612eea2c38: 0f1f 8400 | 0000 0000 | 4d3b 97c8 | 0100 000f | 83c0 0800 | 004d 8997 | b801 0000 | 410f 0d8a 
  0x00007f612eea2c58: c000 0000 | 48c7 0001 

  0x00007f612eea2c60: ;   {metadata('org/eclipse/jdt/internal/core/search/matching/TypeDeclarationPattern')}
  0x00007f612eea2c60: 0000 00c7 | 4008 30b7 | 2b01 4c89 | 6018 4c89 | 6020 4c89 | 6028 4c89 | 6030 4c89 | 6038 4c89 
  0x00007f612eea2c80: 6040 4c89 | 6048 4c89 | 6050 c740 | 0c48 0000 | 0049 ba00 | 0000 0001 | 0000 004c | 8950 1044 
  0x00007f612eea2ca0: 8960 20c7 | 4010 0800 | 0000 4489 | 6054 4489 | 6050 4489 | 604c 4488 | 603e 4489 | 602c 4489 
  0x00007f612eea2cc0: 6028 c740 | 2440 0000 | 0044 8860 | 1744 8860 | 16c6 4015 | 018b 6c24 | 7c44 8b55 | 0c48 8944 
  0x00007f612eea2ce0: 2418 4c8b | dd4c 899c | 2480 0000 | 0049 8bd2 

  0x00007f612eea2cf0: ;   {optimized virtual_call}
  0x00007f612eea2cf0: 488b f0e8 

  0x00007f612eea2cf4: ; ImmutableOopMap {[24]=Oop [32]=Oop [40]=Oop [48]=Oop [64]=Oop [72]=Oop [84]=NarrowOop [96]=Oop [104]=Oop [112]=Oop [124]=NarrowOop [128]=Oop [224]=Oop }
                      ;*invokevirtual decodeIndexKey {reexecute=0 rethrow=0 return_oop=0}
                      ; - org.eclipse.jdt.core.search.SearchPattern::findIndexMatches@121 (line 2525)
  0x00007f612eea2cf4: 88f8 3fff 

  0x00007f612eea2cf8: ;   {other}
  0x00007f612eea2cf8: 0f1f 8400 | e807 0006 | 488b 6c24 | 7044 0fb7 | 4d3c 4c8b | 4424 1841 | 0fb7 583c | 443b cb0f 
  0x00007f612eea2d18: 84ab 0b00 | 0066 6690 | 4585 c90f | 853b 0c00 | 004c 8984 | 2488 0000 | 0045 8b50 | 4044 8b45 
  0x00007f612eea2d38: 4049 8bca | 498b d048 | 8bf5 4889 | 7424 1848 | 8bac 2488 

  0x00007f612eea2d4c: ;   {optimized virtual_call}
  0x00007f612eea2d4c: 0000 00e8 

  0x00007f612eea2d50: ; ImmutableOopMap {rbp=Oop [24]=Oop [32]=Oop [40]=Oop [48]=Oop [64]=Oop [72]=Oop [84]=NarrowOop [96]=Oop [104]=Oop [112]=Oop [124]=NarrowOop [128]=Oop [136]=Oop [224]=Oop }
                      ;*invokevirtual matchesName {reexecute=0 rethrow=0 return_oop=0}
                      ; - org.eclipse.jdt.internal.core.search.matching.TypeDeclarationPattern::matchesDecodedKey@49 (line 281)
                      ; - org.eclipse.jdt.core.search.SearchPattern::findIndexMatches@128 (line 2526)
  0x00007f612eea2d50: 2cac 6bff 

  0x00007f612eea2d54: ;   {other}
  0x00007f612eea2d54: 0f1f 8400 | 4408 0007 | 0f1f 4000 | 85c0 0f84 | 8c0c 0000 | 488b 6c24 | 1844 8b45 | 4445 85c0 
  0x00007f612eea2d74: 0f85 060d | 0000 448b | 4548 6690 | 4585 c00f | 858f 0d00 | 0044 8b5c | 2438 4585 | db0f 859b 
  0x00007f612eea2d94: 0000 0048 

  0x00007f612eea2d98: ;   {oop(""{0x0000000080000000})}
  0x00007f612eea2d98: 8bf5 48ba | 0000 0080 | 0000 0000 | 488b 8c24 | e000 0000 | 448b 4424 | 504c 8b8c | 2488 0000 
  0x00007f612eea2db8: 0048 8b7c | 2420 4c8b | 5424 284c | 8914 244c | 8b54 2430 | 4c89 5424 | 084c 8b54 | 2448 4c89 
  0x00007f612eea2dd8: ;   {optimized virtual_call}
  0x00007f612eea2dd8: 5424 10e8 

  0x00007f612eea2ddc: ; ImmutableOopMap {rbp=Oop [32]=Oop [40]=Oop [48]=Oop [64]=Oop [72]=Oop [84]=NarrowOop [96]=Oop [104]=Oop [112]=Oop [224]=Oop }
                      ;*invokevirtual acceptMatch {reexecute=0 rethrow=0 return_oop=0}
                      ; - org.eclipse.jdt.core.search.SearchPattern::findIndexMatches@215 (line 2534)
  0x00007f612eea2ddc: a0e2 68ff 

  0x00007f612eea2de0: ;   {other}
  0x00007f612eea2de0: 0f1f 8400 | d008 0008 | 448b 4c24 | 5c41 ffc1 | 443b 4c24 | 580f 8c4a | fdff ff4c | 8b54 2468 
  0x00007f612eea2e00: 458b 5218 | 4585 d274 | 1349 8bf2 

  0x00007f612eea2e0c: ;   {optimized virtual_call}
  0x00007f612eea2e0c: 6666 90e8 

  0x00007f612eea2e10: ; ImmutableOopMap {}
                      ;*invokevirtual stopQuery {reexecute=0 rethrow=0 return_oop=0}
                      ; - org.eclipse.jdt.internal.core.index.Index::stopQuery@11 (line 364)
                      ; - org.eclipse.jdt.core.search.SearchPattern::findIndexMatches@241 (line 2539)
  0x00007f612eea2e10: eca3 f6f6 

  0x00007f612eea2e14: ;   {other}
  0x00007f612eea2e14: 0f1f 8400 | 0409 0009 | 4881 c4d0 | 0000 005d 

  0x00007f612eea2e24: ;   {poll_return}
  0x00007f612eea2e24: 493b a750 | 0400 000f | 874f 1b00 | 00c3 448b | 4424 7c45 | 8b50 1041 | 8bca 418b | 6814 4585 
  0x00007f612eea2e44: d20f 84e6 | 0600 0045 | 8b5a 0c44 | 899c 2490 | 0000 0066 | 0f1f 8400 | 0000 0000 | 4183 fb01 
  0x00007f612eea2e64: 0f84 db06 | 0000 4585 | db0f 86f2 | 0600 0041 | ba01 0000 | 0045 33c0 | 4489 5424 | 3c44 8984 
  0x00007f612eea2e84: 2494 0000 | 00eb 2c44 | 8b9c 2494 | 0000 0041 | ffc3 4489 | 9c24 9400 | 0000 6690 | 443b 9c24 
  0x00007f612eea2ea4: 9000 0000 | 0f8d e600 | 0000 448b | 5c24 7c41 | 8b4b 1044 | 8b59 0c44 | 8b94 2494 | 0000 0045 
  0x00007f612eea2ec4: 3bd3 0f83 | 900d 0000 | 428b 6c91 | 104c 8b54 | 2468 458b | 5218 660f | 1f44 0000 | 4585 d20f 
  0x00007f612eea2ee4: 84ff 0d00 | 0048 8bd5 

  0x00007f612eea2eec: ;   {optimized virtual_call}
  0x00007f612eea2eec: 498b f2e8 

  0x00007f612eea2ef0: ; ImmutableOopMap {[32]=Oop [40]=Oop [48]=Oop [64]=Oop [72]=Oop [84]=NarrowOop [96]=Oop [104]=Oop [112]=Oop [124]=NarrowOop [128]=Oop [136]=Oop [224]=Oop }
                      ;*invokevirtual readDocumentNumbers {reexecute=0 rethrow=0 return_oop=1}
                      ; - org.eclipse.jdt.internal.core.index.EntryResult::getDocumentNames@110 (line 61)
                      ; - org.eclipse.jdt.core.search.SearchPattern::findIndexMatches@142 (line 2530)
  0x00007f612eea2ef0: 8c21 4efe 

  0x00007f612eea2ef4: ;   {other}
  0x00007f612eea2ef4: 0f1f 8400 | e409 000a | 4889 8424 | 9800 0000 

  0x00007f612eea2f04: ; implicit exception: dispatches to 0x00007f612eea46b0
  0x00007f612eea2f04: 448b 500c | 4489 9424 | a000 0000 | 4585 d20f | 8672 ffff | ff41 ffca | 0f1f 4000 | 443b 9424 
  0x00007f612eea2f24: a000 0000 | 0f83 fa0d | 0000 33ed | 4c8b 9424 | 9800 0000 | 418b 54aa | 104c 8b54 | 2468 458b 
  0x00007f612eea2f44: 5a18 4585 | db0f 848d | 0c00 0049 | 8bf3 4c8b | 5424 704c | 8954 2418 

  0x00007f612eea2f5c: ;   {optimized virtual_call}
  0x00007f612eea2f5c: 6666 90e8 

  0x00007f612eea2f60: ; ImmutableOopMap {[24]=Oop [32]=Oop [40]=Oop [48]=Oop [64]=Oop [72]=Oop [84]=NarrowOop [96]=Oop [104]=Oop [112]=Oop [124]=NarrowOop [128]=Oop [136]=Oop [152]=Oop [224]=Oop }
                      ;*invokevirtual readDocumentName {reexecute=0 rethrow=0 return_oop=1}
                      ; - org.eclipse.jdt.internal.core.index.EntryResult::getDocumentNames@143 (line 63)
                      ; - org.eclipse.jdt.core.search.SearchPattern::findIndexMatches@142 (line 2530)
  0x00007f612eea2f60: 1c21 4efe 

  0x00007f612eea2f64: ;   {other}
  0x00007f612eea2f64: 0f1f 8400 | 540a 000b | 488b b424 | 8000 0000 

  0x00007f612eea2f74: ;   {optimized virtual_call}
  0x00007f612eea2f74: 488b d0e8 

  0x00007f612eea2f78: ; ImmutableOopMap {[24]=Oop [32]=Oop [40]=Oop [48]=Oop [64]=Oop [72]=Oop [84]=NarrowOop [96]=Oop [104]=Oop [112]=Oop [124]=NarrowOop [128]=Oop [136]=Oop [152]=Oop [224]=Oop }
                      ;*invokevirtual addDocumentName {reexecute=0 rethrow=0 return_oop=0}
                      ; - org.eclipse.jdt.internal.core.index.EntryResult::getDocumentNames@146 (line 63)
                      ; - org.eclipse.jdt.core.search.SearchPattern::findIndexMatches@142 (line 2530)
  0x00007f612eea2f78: 0421 4efe 

  0x00007f612eea2f7c: ;   {other}
  0x00007f612eea2f7c: 0f1f 8400 | 6c0a 000c | ffc5 3bac | 24a0 0000 | 007c a1e9 | f7fe ffff | 448b 5424 | 7c41 8b6a 
  0x00007f612eea2f9c: 1466 6690 | 85ed 0f84 | cc05 0000 | 448b 5c24 | 3c44 8b45 | 0c41 81f8 | 0000 0400 | 0f87 de0f 
  0x00007f612eea2fbc: 0000 4489 | 4424 1c44 | 895c 247c | 896c 2418 | 4d63 d044 | 8b5c 241c | 0f1f 8400 | 0000 0000 
  0x00007f612eea2fdc: 6666 6690 | 4181 fb00 | 0004 000f | 87c3 0b00 | 004d 8b8f | b801 0000 | 4a8d 0c95 | 1700 0000 
  0x00007f612eea2ffc: 4c8b d149 | 83e2 f84d | 8bd9 4d03 | da4d 3b9f | c801 0000 | 0f83 9a0b | 0000 4d89 | 9fb8 0100 
  0x00007f612eea301c: 0041 0f0d | 8bc0 0000 | 0049 c701 | 0100 0000 | 410f 0d8b | 0001 0000 

  0x00007f612eea3034: ;   {metadata('java/lang/String'[])}
  0x00007f612eea3034: 41c7 4108 | 20ec 0000 | 448b 4424 | 1c45 8941 | 0c41 0f0d | 8b40 0100 | 0049 8bf9 | 4883 c710 
  0x00007f612eea3054: 410f 0d8b | 8001 0000 | 48c1 e903 | 4883 c1fe | 4833 c048 | 83f9 087f | 1048 ffc9 | 784f 4889 
  0x00007f612eea3074: 04cf 48ff | c97d f7eb | 44c5 fdef | c0e9 0d00 | 0000 c5fe | 7f07 c5fe | 7f47 2048 | 83c7 4048 
  0x00007f612eea3094: 83e9 087d | ed48 83c1 | 047c 0cc5 | fe7f 0748 | 83c7 2048 | 83e9 0448 | 83c1 047e | 1048 ffc9 
  0x00007f612eea30b4: c5f9 d607 | 4883 c708 | 48ff c97d | f344 8b54 | 2418 418b | 4a14 8b59 | 0c85 db0f | 8688 0000 
  0x00007f612eea30d4: 008b d3ff | ca0f 1f80 | 0000 0000 | 3bd3 0f83 | fd0e 0000 | 448b 5910 | 448b 4424 | 1c45 8bd0 
  0x00007f612eea30f4: 4585 db0f | 8488 0400 | 0041 8b7b | 084d 8bc3 

  0x00007f612eea3104: ;   {metadata('java/lang/String')}
  0x00007f612eea3104: 81ff 78e8 | 0000 0f85 | b00c 0000 | 498b f845 | 85d2 0f84 | 600f 0000 | 4d8b d949 | 83c3 1049 
  0x00007f612eea3124: 8bf8 4189 | 3b49 c1eb | 0949 b800 | 2061 3d61 | 7f00 0047 | 8824 18be | 0100 0000 | 83fa 010f 
  0x00007f612eea3144: 8fe8 0000 | 0044 8b44 | 247c 443b | c37d 0a44 | 8b5c 247c | e97f 0200 | 004d 8bc1 | 458b 580c 
  0x00007f612eea3164: 4585 db0f | 867b fcff | ff45 8bcb | 41ff c945 | 3bcb 0f83 | 090f 0000 | 33ed 4489 | 5c24 3c45 
  0x00007f612eea3184: 8b54 a810 | 4c89 4424 | 1849 8bd2 | 488b 7424 | 7048 8b8c | 24e0 0000 | 0044 8b44 | 2450 4c8b 
  0x00007f612eea31a4: 8c24 8800 | 0000 488b | 7c24 204c | 8b54 2428 | 4c89 1424 | 4c8b 5424 | 304c 8954 | 2408 4c8b 
  0x00007f612eea31c4: 5424 484c | 8954 2410 

  0x00007f612eea31cc: ;   {optimized virtual_call}
  0x00007f612eea31cc: 6666 90e8 

  0x00007f612eea31d0: ; ImmutableOopMap {[24]=Oop [32]=Oop [40]=Oop [48]=Oop [64]=Oop [72]=Oop [84]=NarrowOop [96]=Oop [104]=Oop [112]=Oop [136]=Oop [224]=Oop }
                      ;*invokevirtual acceptMatch {reexecute=0 rethrow=0 return_oop=0}
                      ; - org.eclipse.jdt.core.search.SearchPattern::findIndexMatches@183 (line 2532)
  0x00007f612eea31d0: acde 68ff 

  0x00007f612eea31d4: ;   {other}
  0x00007f612eea31d4: 0f1f 8400 | c40c 000d | ffc5 6690 | 3b6c 243c | 0f8d fefb | ffff 4c8b | 4424 18eb | 9244 8b44 
  0x00007f612eea31f4: 247c e9d3 | 0000 000f | 1f44 0000 | 4f8d 5c99 | 1045 8903 | 49c1 eb09 | 49b8 0020 | 613d 617f 
  0x00007f612eea3214: 0000 4788 | 2418 448b | 4424 7c41 | 83c0 0244 | 8944 247c | 443b c20f | 8d18 ffff | ff44 8b5c 
  0x00007f612eea3234: 247c 468b | 4499 100f | 1f44 0000 | 4585 c00f | 845b 0100 | 0041 8b78 

  0x00007f612eea324c: ;   {metadata('java/lang/String')}
  0x00007f612eea324c: 0881 ff78 | e800 000f | 8567 0b00 | 0049 8bf8 | 448b de41 | ffc3 413b | f273 8a4d | 8d44 b110 
  0x00007f612eea326c: 4189 3849 | c1e8 0948 | bf00 2061 | 3d61 7f00 | 0046 8824 | 078b 7c24 | 7c8b 7cb9 | 1485 ff0f 
  0x00007f612eea328c: 841b 0100 | 008b 4708 | 4c8b c766 | 0f1f 8400 | 0000 0000 

  0x00007f612eea32a0: ;   {metadata('java/lang/String')}
  0x00007f612eea32a0: 81f8 78e8 | 0000 0f85 | 140b 0000 | 498b f841 | 8bf3 ffc6 | 453b da0f | 8243 ffff | ff44 8b44 
  0x00007f612eea32c0: 247c 41ff | c045 8bd3 | 448b de41 | 8bf2 4489 | 4424 7844 | 895c 247c | 448b c6be | e4ff ffff 
  0x00007f612eea32e0: 488b 6c24 | 704c 8b54 | 2468 4c89 | 9424 e000 | 0000 4c8b | 5424 204c | 8954 2418 | 4c8b 5424 
  0x00007f612eea3300: 284c 8954 | 2420 4c8b | 5424 304c | 8954 2428 | 448b 5c24 | 3844 895c | 2430 4c8b | 5424 484c 
  0x00007f612eea3320: 8954 2438 | 448b 5424 | 5444 8954 | 2434 448b | 5424 5044 | 8954 2448 | 448b 5c24 | 5c44 895c 
  0x00007f612eea3340: 244c 448b | 5424 5844 | 8954 2450 | 4c8b 5424 | 604c 8954 | 2458 4c8b | 9424 8800 | 0000 4c89 
  0x00007f612eea3360: 5424 6044 | 8b5c 2478 | 4489 5c24 | 5444 8b54 | 247c 4489 | 5424 7089 | 5c24 7489 | 4c24 784c 
  0x00007f612eea3380: 898c 2480 | 0000 0044 | 8944 247c | 4889 bc24 | 8800 0000 

  0x00007f612eea3394: ;   {runtime_call UncommonTrapBlob}
  0x00007f612eea3394: 6666 90e8 

  0x00007f612eea3398: ; ImmutableOopMap {rbp=Oop [24]=Oop [32]=Oop [40]=Oop [52]=NarrowOop [56]=Oop [88]=Oop [96]=Oop [120]=NarrowOop [128]=Oop [136]=Oop [224]=Oop }
                      ;*aastore {reexecute=1 rethrow=0 return_oop=0}
                      ; - (reexecute) org.eclipse.jdt.internal.core.index.EntryResult::getDocumentNames@236 (line 75)
                      ; - org.eclipse.jdt.core.search.SearchPattern::findIndexMatches@142 (line 2530)
  0x00007f612eea3398: 646f 4efe 

  0x00007f612eea339c: ;   {other}
  0x00007f612eea339c: 0f1f 8400 | 8c0e 000e | 448b dee9 | d5fe ffff | 418b f3e9 | 66fe ffff | 4d8d 44b1 | 1041 8938 
  0x00007f612eea33bc: 49c1 e809 | 48bf 0020 | 613d 617f | 0000 4688 | 2407 41ff | c344 3bdb | 0f8d 83fd | ffff 8bf2 
  0x00007f612eea33dc: 428b 7c99 | 1085 ff74 | 318b 4708 

  0x00007f612eea33e8: ;   {metadata('java/lang/String')}
  0x00007f612eea33e8: 4c8b c781 | f878 e800 | 000f 85c9 | 0900 0049 | 8bf8 8bd6 | ffc2 6690 | 413b f272 | af44 895c 
  0x00007f612eea3408: 2478 8954 | 247c 448b | c6e9 c5fe | ffff 8bd6 | ebb4 660f | 1f44 0000 

  0x00007f612eea3420: ;   {metadata('org/eclipse/jdt/internal/core/search/matching/SuperTypeReferencePattern')}
  0x00007f612eea3420: 4181 fb30 | f658 010f | 85eb 0c00 | 0049 8bda | 448b 5b20 | 448b 430c | 448b 534c | 4d8b ca90 
  0x00007f612eea3440: 4183 fbff | 0f8e 9200 | 0000 4183 | fb05 0f8d | 8800 0000 | 4183 fb02 | 0f84 7e00 | 0000 6690 
  0x00007f612eea3460: 4183 fb02 | 0f8d 6c00 | 0000 4585 | db0f 8569 | 0000 0041 | 8be8 83cd | 010f 1f80 | 0000 0000 
  0x00007f612eea3480: 4585 d20f | 842f 1000 | 0048 895c | 2450 48ff | 7424 6848 | 8f44 2418 | 48ff 7424 | 4048 8f84 
  0x00007f612eea34a0: 24e0 0000 | 0049 8bf1 | ba2f 0000 

  0x00007f612eea34ac: ;   {static_call}
  0x00007f612eea34ac: 0066 90e8 

  0x00007f612eea34b0: ; ImmutableOopMap {[24]=Oop [32]=Oop [40]=Oop [48]=Oop [72]=Oop [80]=Oop [104]=Oop [224]=Oop }
                      ;*invokestatic append {reexecute=0 rethrow=0 return_oop=1}
                      ; - org.eclipse.jdt.internal.core.search.matching.SuperTypeReferencePattern::queryIn@93 (line 263)
                      ; - org.eclipse.jdt.core.search.SearchPattern::findIndexMatches@36 (line 2516)
  0x00007f612eea34b0: dc15 0000 

  0x00007f612eea34b4: ;   {other}
  0x00007f612eea34b4: 0f1f 8400 | a40f 000f | 448b c548 | ffb4 24e0 | 0000 0048 | 8f44 2440 | 488b 5c24 | 504c 8bc8 
  0x00007f612eea34d4: eb06 4183 | fb03 7400 

  0x00007f612eea34dc: ;   {oop(a 'java/lang/Class'{0x00000000816c99d8} = 'org/eclipse/jdt/internal/core/search/matching/SuperTypeReferencePattern')}
  0x00007f612eea34dc: 49ba d899 | 6c81 0000 | 0000 458b | 5270 498b | d248 8b74 | 2468 498b | c948 895c 

  0x00007f612eea34f8: ;   {optimized virtual_call}
  0x00007f612eea34f8: 2450 90e8 

  0x00007f612eea34fc: ; ImmutableOopMap {[32]=Oop [40]=Oop [48]=Oop [64]=Oop [72]=Oop [80]=Oop [104]=Oop }
                      ;*invokevirtual query {reexecute=0 rethrow=0 return_oop=1}
                      ; - org.eclipse.jdt.internal.core.search.matching.SuperTypeReferencePattern::queryIn@116 (line 280)
                      ; - org.eclipse.jdt.core.search.SearchPattern::findIndexMatches@36 (line 2516)
  0x00007f612eea34fc: 60ca 3fff 

  0x00007f612eea3500: ;   {other}
  0x00007f612eea3500: 0f1f 8400 | f00f 0010 | e9af f5ff 

  0x00007f612eea350c: ;   {metadata('org/eclipse/jdt/internal/core/search/matching/TypeDeclarationPattern')}
  0x00007f612eea350c: ff48 be30 | b72b dc60 | 7f00 0048 | 8b6c 2470 

  0x00007f612eea351c: ;   {runtime_call _new_instance_Java}
  0x00007f612eea351c: 6666 90e8 

  0x00007f612eea3520: ; ImmutableOopMap {rbp=Oop [32]=Oop [40]=Oop [48]=Oop [64]=Oop [72]=Oop [84]=NarrowOop [96]=Oop [104]=Oop [112]=Oop [124]=NarrowOop [224]=Oop }
                      ;*new {reexecute=0 rethrow=0 return_oop=1}
                      ; - org.eclipse.jdt.internal.core.search.matching.TypeDeclarationPattern::getBlankPattern@0 (line 263)
                      ; - org.eclipse.jdt.core.search.SearchPattern::findIndexMatches@109 (line 2524)
  0x00007f612eea3520: dc8b 59fe 

  0x00007f612eea3524: ;   {other}
  0x00007f612eea3524: 0f1f 8400 | 1410 0011 | e959 f7ff | ff85 ed0f | 843b 0000 | 0041 bb01 | 0000 0090 | e968 faff 
  0x00007f612eea3544: ff85 ed0f | 843f 0000 | 0041 ba01 | 0000 0044 | 8994 2490 | 0000 000f | 1f44 0000 | e90e f9ff 
  0x00007f612eea3564: ff85 ed74 | 0b41 bb01 | 0000 00e9 | 39fa ffff 

  0x00007f612eea3574: ;   {oop(a 'java/lang/String'[0] {0x0000000080bef3c0})}
  0x00007f612eea3574: 49b8 c0f3 | be80 0000 | 0000 6690 | e9db fbff | ff33 f6e9 | b4fb ffff | 4585 db0f | 8603 0e00 
  0x00007f612eea3594: 0044 8bd1 | 418b 6a10 | 4c8b 5c24 | 6845 8b53 | 1845 85d2 | 0f84 af0d | 0000 488b | d549 8bf2 
  0x00007f612eea35b4: 488b 6c24 

  0x00007f612eea35b8: ;   {optimized virtual_call}
  0x00007f612eea35b8: 1866 90e8 

  0x00007f612eea35bc: ; ImmutableOopMap {rbp=Oop [32]=Oop [40]=Oop [48]=Oop [64]=Oop [72]=Oop [84]=NarrowOop [96]=Oop [104]=Oop [112]=Oop [136]=Oop [224]=Oop }
                      ;*invokevirtual readDocumentNumbers {reexecute=0 rethrow=0 return_oop=1}
                      ; - org.eclipse.jdt.internal.core.index.EntryResult::getDocumentNames@37 (line 52)
                      ; - org.eclipse.jdt.core.search.SearchPattern::findIndexMatches@142 (line 2530)
  0x00007f612eea35bc: 0064 d2f8 

  0x00007f612eea35c0: ;   {other}
  0x00007f612eea35c0: 0f1f 8400 | b010 0012 

  0x00007f612eea35c8: ; implicit exception: dispatches to 0x00007f612eea485c
  0x00007f612eea35c8: 448b 400c | 4181 f800 | 0004 000f | 87d9 0900 | 0048 8984 | 2480 0000 | 004d 8b97 | b801 0000 
  0x00007f612eea35e8: 418b e84d | 63d8 4a8d | 0c9d 1700 | 0000 4c8b | d949 83e3 | f84d 8bc2 | 4d03 c34d | 3b87 c801 
  0x00007f612eea3608: 0000 0f83 | ad09 0000 | 4d89 87b8 | 0100 0041 | 0f0d 88c0 | 0000 0049 | c702 0100 | 0000 410f 
  0x00007f612eea3628: 0d88 0001 

  0x00007f612eea362c: ;   {metadata('java/lang/String'[])}
  0x00007f612eea362c: 0000 41c7 | 4208 20ec | 0000 4189 | 6a0c 410f | 0d88 4001 | 0000 498b | fa48 83c7 | 1041 0f0d 
  0x00007f612eea364c: 8880 0100 | 0048 c1e9 | 0348 83c1 | fe48 33c0 | 4883 f908 | 7f10 48ff | c978 4f48 | 8904 cf48 
  0x00007f612eea366c: ffc9 7df7 | eb44 c5fd | efc0 e90d | 0000 00c5 | fe7f 07c5 | fe7f 4720 | 4883 c740 | 4883 e908 
  0x00007f612eea368c: 7ded 4883 | c104 7c0c | c5fe 7f07 | 4883 c720 | 4883 e904 | 4883 c104 | 7e10 48ff | c9c5 f9d6 
  0x00007f612eea36ac: 0748 83c7 | 0848 ffc9 | 7df3 4d8b | c244 8bcd | 0f1f 4000 | 85ed 0f86 | 98fa ffff | 448b dd41 
  0x00007f612eea36cc: ffcb 443b | dd0f 8341 | 0d00 0085 | ed0f 8639 | 0d00 0089 | 6c24 7c4c | 8984 2498 | 0000 0045 
  0x00007f612eea36ec: 33c0 6690 | 4c8b 5424 | 6845 8b52 | 1849 63e8 | 48c1 e502 | 4c8b 9c24 | 8000 0000 | 458b 5c2b 
  0x00007f612eea370c: 1041 8bcb | 4585 d20f | 84d8 0a00 | 0044 8984 | 24a8 0000 | 0049 8bf2 

  0x00007f612eea3724: ;   {optimized virtual_call}
  0x00007f612eea3724: 418b d3e8 

  0x00007f612eea3728: ; ImmutableOopMap {[32]=Oop [40]=Oop [48]=Oop [64]=Oop [72]=Oop [84]=NarrowOop [96]=Oop [104]=Oop [112]=Oop [128]=Oop [136]=Oop [152]=Oop [224]=Oop }
                      ;*invokevirtual readDocumentName {reexecute=0 rethrow=0 return_oop=1}
                      ; - org.eclipse.jdt.internal.core.index.EntryResult::getDocumentNames@74 (line 55)
                      ; - org.eclipse.jdt.core.search.SearchPattern::findIndexMatches@142 (line 2530)
  0x00007f612eea3728: d410 d3f8 

  0x00007f612eea372c: ;   {other}
  0x00007f612eea372c: 0f1f 8400 | 1c12 0013 | 4c8b 9424 | 9800 0000 | 4d8d 542a | 104c 8bc0 | 4589 0249 | c1ea 0949 
  0x00007f612eea374c: bb00 2061 | 3d61 7f00 | 0047 8824 | 1344 8b84 | 24a8 0000 | 0041 ffc0 | 443b 4424 | 7c7c 854c 
  0x00007f612eea376c: 8b84 2498 | 0000 00e9 | e8f9 ffff | bede ffff | ff48 ff74 | 2448 488f | 4424 4048 | 8944 2448 
  0x00007f612eea378c: 895c 243c | 4489 4424 | 5044 894c | 2454 4489 | 6c24 584c | 895c 2460 | 4489 5424 

  0x00007f612eea37a8: ;   {runtime_call UncommonTrapBlob}
  0x00007f612eea37a8: 5c66 90e8 

  0x00007f612eea37ac: ; ImmutableOopMap {rbp=NarrowOop [32]=Oop [40]=Oop [48]=Oop [60]=NarrowOop [64]=Oop [72]=Oop [92]=NarrowOop [96]=Oop [104]=Oop }
                      ;*invokeinterface isCanceled {reexecute=0 rethrow=0 return_oop=0}
                      ; - org.eclipse.jdt.internal.core.search.PatternSearchJob$ParallelSearchMonitor::isCanceled@11 (line 380)
                      ; - org.eclipse.jdt.core.search.SearchPattern::findIndexMatches@91 (line 2522)
  0x00007f612eea37ac: 506b 4efe 

  0x00007f612eea37b0: ;   {other}
  0x00007f612eea37b0: 0f1f 8400 | a012 0014 | 0f1f 8400 | 0000 0000 | 4585 d20f | 8540 f6ff | ffe9 4ef6 | ffff be45 
  0x00007f612eea37d0: ffff ff48 | ff74 2448 | 488f 4424 | 4048 8944 | 2448 895c | 243c 4489 | 4424 5044 | 894c 2454 
  0x00007f612eea37f0: 4489 6c24 | 584c 895c | 2460 4489 

  0x00007f612eea37fc: ;   {runtime_call UncommonTrapBlob}
  0x00007f612eea37fc: 5424 5ce8 

  0x00007f612eea3800: ; ImmutableOopMap {rbp=NarrowOop [32]=Oop [40]=Oop [48]=Oop [60]=NarrowOop [64]=Oop [72]=Oop [96]=Oop [104]=Oop }
                      ;*ifne {reexecute=1 rethrow=0 return_oop=0}
                      ; - (reexecute) org.eclipse.jdt.internal.core.search.PatternSearchJob$ParallelSearchMonitor::isCanceled@4 (line 380)
                      ; - org.eclipse.jdt.core.search.SearchPattern::findIndexMatches@91 (line 2522)
  0x00007f612eea3800: fc6a 4efe 

  0x00007f612eea3804: ;   {other}
  0x00007f612eea3804: 0f1f 8400 | f412 0015 | be45 ffff | ff48 ff74 | 2448 488f | 4424 4048 | 8944 2448 | 895c 243c 
  0x00007f612eea3824: 4489 4424 | 5044 894c | 2454 4489 | 6c24 584c | 895c 2460 | 4489 5424 

  0x00007f612eea383c: ;   {runtime_call UncommonTrapBlob}
  0x00007f612eea383c: 5c66 90e8 

  0x00007f612eea3840: ; ImmutableOopMap {rbp=NarrowOop [32]=Oop [40]=Oop [48]=Oop [60]=NarrowOop [64]=Oop [72]=Oop [96]=Oop [104]=Oop }
                      ;*ifne {reexecute=1 rethrow=0 return_oop=0}
                      ; - (reexecute) org.eclipse.core.runtime.SubMonitor::isCanceled@7 (line 662)
                      ; - org.eclipse.jdt.internal.core.search.PatternSearchJob$ParallelSearchMonitor::isCanceled@11 (line 380)
                      ; - org.eclipse.jdt.core.search.SearchPattern::findIndexMatches@91 (line 2522)
  0x00007f612eea3840: bc6a 4efe 

  0x00007f612eea3844: ;   {other}
  0x00007f612eea3844: 0f1f 8400 | 3413 0016 | be45 ffff | ff4c 8b54 | 2420 4c89 | 5424 184c | 8b54 2428 | 4c89 5424 
  0x00007f612eea3864: 204c 8b54 | 2430 4c89 | 5424 2844 | 8b5c 2438 | 4489 5c24 | 304c 8b54 | 2448 4c89 | 5424 3844 
  0x00007f612eea3884: 8b5c 2454 | 4489 5c24 | 3444 8b54 | 2450 4489 | 5424 4844 | 8b54 245c | 4489 5424 | 5044 8b5c 
  0x00007f612eea38a4: 2458 4489 | 5c24 544c | 8b54 2460 | 4c89 5424 | 5889 4424 

  0x00007f612eea38b8: ;   {runtime_call UncommonTrapBlob}
  0x00007f612eea38b8: 6066 90e8 

  0x00007f612eea38bc: ; ImmutableOopMap {rbp=Oop [24]=Oop [32]=Oop [40]=Oop [52]=NarrowOop [56]=Oop [88]=Oop [104]=Oop [124]=NarrowOop }
                      ;*ifne {reexecute=1 rethrow=0 return_oop=0}
                      ; - (reexecute) org.eclipse.jdt.internal.core.search.PatternSearchJob$ParallelSearchMonitor::isCanceled@16 (line 380)
                      ; - org.eclipse.jdt.core.search.SearchPattern::findIndexMatches@91 (line 2522)
  0x00007f612eea38bc: 406a 4efe 

  0x00007f612eea38c0: ;   {other}
  0x00007f612eea38c0: 0f1f 8400 | b013 0017 | be45 ffff | ff4c 8b54 | 2468 4c89 | 9424 e000 | 0000 4c8b | 5424 204c 
  0x00007f612eea38e0: 8954 2418 | 4c8b 5424 | 284c 8954 | 2420 4c8b | 5424 304c | 8954 2428 | 448b 5c24 | 3844 895c 
  0x00007f612eea3900: 2430 4c8b | 5424 484c | 8954 2438 | 448b 5424 | 5444 8954 | 2434 448b | 5c24 5044 | 895c 2448 
  0x00007f612eea3920: 448b 5424 | 7c44 8954 | 244c 448b | 5c24 5c44 | 895c 2450 | 448b 5424 | 5844 8954 | 2454 4c8b 
  0x00007f612eea3940: 5424 604c | 8954 2458 | 4c89 4424 | 7044 894c | 2478 895c 

  0x00007f612eea3954: ;   {runtime_call UncommonTrapBlob}
  0x00007f612eea3954: 247c 90e8 

  0x00007f612eea3958: ; ImmutableOopMap {rbp=Oop [24]=Oop [32]=Oop [40]=Oop [52]=NarrowOop [56]=Oop [76]=NarrowOop [88]=Oop [112]=Oop [224]=Oop }
                      ;*if_icmpeq {reexecute=1 rethrow=0 return_oop=0}
                      ; - (reexecute) org.eclipse.jdt.internal.core.search.matching.TypeDeclarationPattern::matchesDecodedKey@13 (line 274)
                      ; - org.eclipse.jdt.core.search.SearchPattern::findIndexMatches@128 (line 2526)
  0x00007f612eea3958: a469 4efe 

  0x00007f612eea395c: ;   {other}
  0x00007f612eea395c: 0f1f 8400 | 4c14 0018 | be45 ffff | ff4c 8b54 | 2468 4c89 | 9424 e000 | 0000 4c8b | 5424 204c 
  0x00007f612eea397c: 8954 2418 | 4c8b 5424 | 284c 8954 | 2420 4c8b | 5424 304c | 8954 2428 | 448b 5424 | 3844 8954 
  0x00007f612eea399c: 2430 4c8b | 5424 484c | 8954 2438 | 448b 5c24 | 5444 895c | 2434 448b | 5424 5044 | 8954 2448 
  0x00007f612eea39bc: 448b 5424 | 5c44 8954 | 2450 448b | 5c24 5844 | 895c 2454 | 4c8b 5424 | 604c 8954 | 2458 4c89 
  0x00007f612eea39dc: 4424 7044 | 894c 2478 

  0x00007f612eea39e4: ;   {runtime_call UncommonTrapBlob}
  0x00007f612eea39e4: 6666 90e8 

  0x00007f612eea39e8: ; ImmutableOopMap {rbp=Oop [24]=Oop [32]=Oop [40]=Oop [52]=NarrowOop [56]=Oop [88]=Oop [112]=Oop [124]=NarrowOop [224]=Oop }
                      ;*ifeq {reexecute=1 rethrow=0 return_oop=0}
                      ; - (reexecute) org.eclipse.jdt.internal.core.search.matching.TypeDeclarationPattern::matchesDecodedKey@20 (line 274)
                      ; - org.eclipse.jdt.core.search.SearchPattern::findIndexMatches@128 (line 2526)
  0x00007f612eea39e8: 1469 4efe 

  0x00007f612eea39ec: ;   {other}
  0x00007f612eea39ec: 0f1f 8400 | dc14 0019 | be45 ffff | ff48 8b6c | 2418 4c8b | 5424 684c | 8994 24e0 | 0000 004c 
  0x00007f612eea3a0c: 8b54 2420 | 4c89 5424 | 184c 8b54 | 2428 4c89 | 5424 204c | 8b54 2430 | 4c89 5424 | 2844 8b54 
  0x00007f612eea3a2c: 2438 4489 | 5424 304c | 8b54 2448 | 4c89 5424 | 3844 8b54 | 2454 4489 | 5424 3444 | 8b5c 2450 
  0x00007f612eea3a4c: 4489 5c24 | 4844 8b5c | 245c 4489 | 5c24 5044 | 8b54 2458 | 4489 5424 | 544c 8b54 | 2460 4c89 
  0x00007f612eea3a6c: 5424 5889 

  0x00007f612eea3a70: ;   {runtime_call UncommonTrapBlob}
  0x00007f612eea3a70: 4424 68e8 

  0x00007f612eea3a74: ; ImmutableOopMap {rbp=Oop [24]=Oop [32]=Oop [40]=Oop [52]=NarrowOop [56]=Oop [88]=Oop [124]=NarrowOop [136]=Oop [224]=Oop }
                      ;*ifne {reexecute=1 rethrow=0 return_oop=0}
                      ; - (reexecute) org.eclipse.jdt.internal.core.search.matching.TypeDeclarationPattern::matchesDecodedKey@52 (line 281)
                      ; - org.eclipse.jdt.core.search.SearchPattern::findIndexMatches@128 (line 2526)
  0x00007f612eea3a74: 8868 4efe 

  0x00007f612eea3a78: ;   {other}
  0x00007f612eea3a78: 0f1f 8400 | 6815 001a | be45 ffff | ff4c 8b54 | 2468 4c89 | 9424 e000 | 0000 4c8b | 5424 204c 
  0x00007f612eea3a98: 8954 2418 | 4c8b 5424 | 284c 8954 | 2420 4c8b | 5424 304c | 8954 2428 | 448b 5424 | 3844 8954 
  0x00007f612eea3ab8: 2430 4c8b | 5424 484c | 8954 2438 | 448b 5424 | 5444 8954 | 2434 448b | 5c24 5044 | 895c 2448 
  0x00007f612eea3ad8: 448b 5c24 | 5c44 895c | 2450 448b | 5424 5844 | 8954 2454 | 4c8b 5424 | 604c 8954 | 2458 4c8b 
  0x00007f612eea3af8: 9424 8800 | 0000 4c89 | 5424 7044 | 8944 2478 

  0x00007f612eea3b08: ;   {runtime_call UncommonTrapBlob}
  0x00007f612eea3b08: 6666 90e8 

  0x00007f612eea3b0c: ; ImmutableOopMap {rbp=Oop [24]=Oop [32]=Oop [40]=Oop [52]=NarrowOop [56]=Oop [88]=Oop [112]=Oop [120]=NarrowOop [124]=NarrowOop [136]=Oop [224]=Oop }
                      ;*ifnull {reexecute=1 rethrow=0 return_oop=0}
                      ; - (reexecute) org.eclipse.jdt.internal.core.search.matching.TypeDeclarationPattern::matchesDecodedKey@61 (line 285)
                      ; - org.eclipse.jdt.core.search.SearchPattern::findIndexMatches@128 (line 2526)
  0x00007f612eea3b0c: f067 4efe 

  0x00007f612eea3b10: ;   {other}
  0x00007f612eea3b10: 0f1f 8400 | 0016 001b | be45 ffff | ff4c 8b54 | 2468 4c89 | 9424 e000 | 0000 4c8b | 5424 204c 
  0x00007f612eea3b30: 8954 2418 | 4c8b 5424 | 284c 8954 | 2420 4c8b | 5424 304c | 8954 2428 | 448b 5424 | 3844 8954 
  0x00007f612eea3b50: 2430 4c8b | 5424 484c | 8954 2438 | 448b 5424 | 5444 8954 | 2434 448b | 5c24 5044 | 895c 2448 
  0x00007f612eea3b70: 448b 5c24 | 5c44 895c | 2450 448b | 5424 5844 | 8954 2454 | 4c8b 5424 | 604c 8954 | 2458 4c8b 
  0x00007f612eea3b90: 9424 8800 | 0000 4c89 | 5424 7044 | 8944 2478 

  0x00007f612eea3ba0: ;   {runtime_call UncommonTrapBlob}
  0x00007f612eea3ba0: 6666 90e8 

  0x00007f612eea3ba4: ; ImmutableOopMap {rbp=Oop [24]=Oop [32]=Oop [40]=Oop [52]=NarrowOop [56]=Oop [88]=Oop [112]=Oop [120]=NarrowOop [124]=NarrowOop [136]=Oop [224]=Oop }
                      ;*ifnull {reexecute=1 rethrow=0 return_oop=0}
                      ; - (reexecute) org.eclipse.jdt.internal.core.search.matching.TypeDeclarationPattern::matchesDecodedKey@88 (line 289)
                      ; - org.eclipse.jdt.core.search.SearchPattern::findIndexMatches@128 (line 2526)
  0x00007f612eea3ba4: 5867 4efe 

  0x00007f612eea3ba8: ;   {other}
  0x00007f612eea3ba8: 0f1f 8400 | 9816 001c 

  0x00007f612eea3bb0: ;   {metadata('java/lang/String'[])}
  0x00007f612eea3bb0: 48be 20ec | 00db 607f | 0000 488b | ac24 8000 | 0000 8b54 

  0x00007f612eea3bc4: ;   {runtime_call _new_array_Java}
  0x00007f612eea3bc4: 241c 90e8 

  0x00007f612eea3bc8: ; ImmutableOopMap {rbp=Oop [24]=NarrowOop [32]=Oop [40]=Oop [48]=Oop [64]=Oop [72]=Oop [84]=NarrowOop [96]=Oop [104]=Oop [112]=Oop [136]=Oop [224]=Oop }
                      ;*anewarray {reexecute=0 rethrow=0 return_oop=1}
                      ; - org.eclipse.jdt.internal.core.index.EntryResult::getDocumentNames@185 (line 70)
                      ; - org.eclipse.jdt.core.search.SearchPattern::findIndexMatches@142 (line 2530)
  0x00007f612eea3bc8: b44d 59fe 

  0x00007f612eea3bcc: ;   {other}
  0x00007f612eea3bcc: 0f1f 8400 | bc16 001d | 4c8b c8e9 | e5f4 ffff | bef6 ffff | ff48 8b6c | 2470 4c8b | 5424 204c 
  0x00007f612eea3bec: 8954 2418 | 4c8b 5424 | 284c 8954 | 2420 4c8b | 5424 304c | 8954 2428 | 448b 5c24 | 3844 895c 
  0x00007f612eea3c0c: 2430 4c8b | 5424 484c | 8954 2438 | 448b 5c24 | 5444 895c | 2434 448b | 5424 5044 | 8954 2448 
  0x00007f612eea3c2c: 448b 5c24 | 5c44 895c | 244c 448b | 5424 5844 | 8954 2450 | 4c8b 5424 | 604c 8954 | 2458 8954 
  0x00007f612eea3c4c: ;   {runtime_call UncommonTrapBlob}
  0x00007f612eea3c4c: 2454 90e8 

  0x00007f612eea3c50: ; ImmutableOopMap {rbp=Oop [24]=Oop [32]=Oop [40]=Oop [52]=NarrowOop [56]=Oop [88]=Oop [104]=Oop [136]=Oop }
                      ;*invokevirtual readDocumentName {reexecute=0 rethrow=0 return_oop=0}
                      ; - org.eclipse.jdt.internal.core.index.EntryResult::getDocumentNames@143 (line 63)
                      ; - org.eclipse.jdt.core.search.SearchPattern::findIndexMatches@142 (line 2530)
  0x00007f612eea3c50: ac66 4efe 

  0x00007f612eea3c54: ;   {other}
  0x00007f612eea3c54: 0f1f 8400 | 4417 001e | bee4 ffff | ff48 8b6c | 2470 4c8b | 5424 204c | 8954 2418 | 4c8b 5424 
  0x00007f612eea3c74: 284c 8954 | 2420 4c8b | 5424 304c | 8954 2428 | 448b 5424 | 3844 8954 | 2430 4c8b | 5424 484c 
  0x00007f612eea3c94: 8954 2438 | 448b 5c24 | 5444 895c | 2434 448b | 5424 5044 | 8954 2448 | 448b 5c24 | 5c44 895c 
  0x00007f612eea3cb4: 244c 448b | 5424 5844 | 8954 2450 | 4c8b 5424 | 604c 8954 | 2458 448b | 5c24 7c44 | 895c 2454 
  0x00007f612eea3cd4: 894c 2478 

  0x00007f612eea3cd8: ;   {runtime_call UncommonTrapBlob}
  0x00007f612eea3cd8: 6666 90e8 

  0x00007f612eea3cdc: ; ImmutableOopMap {rbp=Oop [24]=Oop [32]=Oop [40]=Oop [52]=NarrowOop [56]=Oop [84]=NarrowOop [88]=Oop [104]=Oop [120]=NarrowOop [136]=Oop }
                      ;*aaload {reexecute=0 rethrow=0 return_oop=0}
                      ; - org.eclipse.jdt.internal.core.index.EntryResult::getDocumentNames@101 (line 60)
                      ; - org.eclipse.jdt.core.search.SearchPattern::findIndexMatches@142 (line 2530)
  0x00007f612eea3cdc: 2066 4efe 

  0x00007f612eea3ce0: ;   {other}
  0x00007f612eea3ce0: 0f1f 8400 | d017 001f | bef6 ffff | ff4c 8b54 | 2470 4c89 | 9424 e000 | 0000 4c8b | 5424 684c 
  0x00007f612eea3d00: 8954 2418 | 48ff 7424 | 4848 8f44 | 2440 448b | 5424 5444 | 8954 243c 

  0x00007f612eea3d18: ;   {runtime_call UncommonTrapBlob}
  0x00007f612eea3d18: 6666 90e8 

  0x00007f612eea3d1c: ; ImmutableOopMap {rbp=NarrowOop [24]=Oop [32]=Oop [40]=Oop [48]=Oop [60]=NarrowOop [64]=Oop [96]=Oop [136]=Oop [224]=Oop }
                      ;*invokevirtual readDocumentNumbers {reexecute=0 rethrow=0 return_oop=0}
                      ; - org.eclipse.jdt.internal.core.index.EntryResult::getDocumentNames@110 (line 61)
                      ; - org.eclipse.jdt.core.search.SearchPattern::findIndexMatches@142 (line 2530)
  0x00007f612eea3d1c: e065 4efe 

  0x00007f612eea3d20: ;   {other}
  0x00007f612eea3d20: 0f1f 8400 | 1018 0020 | be76 ffff | ff48 8b6c | 2470 4c8b | 5424 204c | 8954 2418 | 4c8b 5424 
  0x00007f612eea3d40: 284c 8954 | 2420 4c8b | 5424 304c | 8954 2428 | 448b 5424 | 3844 8954 | 2430 4c8b | 5424 484c 
  0x00007f612eea3d60: 8954 2438 | 448b 5424 | 5444 8954 | 2434 448b | 5c24 5044 | 895c 2448 | 448b 5424 | 5c44 8954 
  0x00007f612eea3d80: 244c 448b | 5c24 5844 | 895c 2450 | 4c8b 5424 | 604c 8954 | 2458 448b | 5424 7c44 | 8954 2454 
  0x00007f612eea3da0: 448b 9c24 | a000 0000 | 458b d344 | 8954 247c 

  0x00007f612eea3db0: ;   {runtime_call UncommonTrapBlob}
  0x00007f612eea3db0: 6666 90e8 

  0x00007f612eea3db4: ; ImmutableOopMap {rbp=Oop [24]=Oop [32]=Oop [40]=Oop [52]=NarrowOop [56]=Oop [84]=NarrowOop [88]=Oop [104]=Oop [136]=Oop [152]=Oop }
                      ;*if_icmplt {reexecute=1 rethrow=0 return_oop=0}
                      ; - (reexecute) org.eclipse.jdt.internal.core.index.EntryResult::getDocumentNames@156 (line 62)
                      ; - org.eclipse.jdt.core.search.SearchPattern::findIndexMatches@142 (line 2530)
  0x00007f612eea3db4: 4865 4efe 

  0x00007f612eea3db8: ;   {other}
  0x00007f612eea3db8: 0f1f 8400 | a818 0021 | bede ffff | ff48 8b6c | 2470 4c8b | 5424 684c | 8994 24e0 | 0000 004c 
  0x00007f612eea3dd8: 8b54 2420 | 4c89 5424 | 184c 8b54 | 2428 4c89 | 5424 204c | 8b54 2430 | 4c89 5424 | 2844 8b5c 
  0x00007f612eea3df8: 2438 4489 | 5c24 304c | 8b54 2448 | 4c89 5424 | 3844 8b5c | 2450 4489 | 5c24 4844 | 8b54 245c 
  0x00007f612eea3e18: 4489 5424 | 4c44 8b5c | 2458 4489 | 5c24 504c | 8b54 2460 | 4c89 5424 | 584c 8944 

  0x00007f612eea3e34: ;   {runtime_call UncommonTrapBlob}
  0x00007f612eea3e34: 2468 90e8 

  0x00007f612eea3e38: ; ImmutableOopMap {rbp=Oop [24]=Oop [32]=Oop [40]=Oop [56]=Oop [84]=NarrowOop [88]=Oop [104]=Oop [136]=Oop [224]=Oop }
                      ;*checkcast {reexecute=0 rethrow=0 return_oop=0}
                      ; - org.eclipse.jdt.internal.core.index.EntryResult::getDocumentNames@233 (line 75)
                      ; - org.eclipse.jdt.core.search.SearchPattern::findIndexMatches@142 (line 2530)
  0x00007f612eea3e38: c464 4efe 

  0x00007f612eea3e3c: ;   {other}
  0x00007f612eea3e3c: 0f1f 8400 | 2c19 0022 | bede ffff | ff48 8bea | 4889 8c24 | e000 0000 | 4c89 4424 | 184c 894c 
  0x00007f612eea3e5c: 2420 897c | 2428 4c8b | 5c24 404c | 895c 2430 | 4c89 5424 

  0x00007f612eea3e70: ;   {runtime_call UncommonTrapBlob}
  0x00007f612eea3e70: 4066 90e8 

  0x00007f612eea3e74: ; ImmutableOopMap {rbp=Oop [24]=Oop [32]=Oop [48]=Oop [64]=Oop [224]=Oop }
                      ;*invokeinterface isCanceled {reexecute=0 rethrow=0 return_oop=0}
                      ; - org.eclipse.jdt.core.search.SearchPattern::findIndexMatches@7 (line 2512)
  0x00007f612eea3e74: 8864 4efe 

  0x00007f612eea3e78: ;   {other}
  0x00007f612eea3e78: 0f1f 8400 | 6819 0023 | bede ffff | ff48 894c | 2418 4c89 | 4424 204c | 894c 2428 | 897c 2430 
  0x00007f612eea3e98: ;   {runtime_call UncommonTrapBlob}
  0x00007f612eea3e98: 6666 90e8 

  0x00007f612eea3e9c: ; ImmutableOopMap {rbp=NarrowOop [24]=Oop [32]=Oop [40]=Oop [64]=Oop [72]=Oop [104]=Oop }
                      ;*invokeinterface isCanceled {reexecute=0 rethrow=0 return_oop=0}
                      ; - org.eclipse.jdt.internal.core.search.PatternSearchJob$ParallelSearchMonitor::isCanceled@11 (line 380)
                      ; - org.eclipse.jdt.core.search.SearchPattern::findIndexMatches@7 (line 2512)
  0x00007f612eea3e9c: 6064 4efe 

  0x00007f612eea3ea0: ;   {other}
  0x00007f612eea3ea0: 0f1f 8400 | 9019 0024 | be45 ffff | ff48 894c | 2418 4c89 | 4424 204c | 894c 2428 | 897c 2430 
  0x00007f612eea3ec0: ;   {runtime_call UncommonTrapBlob}
  0x00007f612eea3ec0: 6666 90e8 

  0x00007f612eea3ec4: ; ImmutableOopMap {[24]=Oop [32]=Oop [40]=Oop [64]=Oop [72]=Oop [104]=Oop }
                      ;*ifne {reexecute=1 rethrow=0 return_oop=0}
                      ; - (reexecute) org.eclipse.jdt.internal.core.search.PatternSearchJob$ParallelSearchMonitor::isCanceled@4 (line 380)
                      ; - org.eclipse.jdt.core.search.SearchPattern::findIndexMatches@7 (line 2512)
  0x00007f612eea3ec4: 3864 4efe 

  0x00007f612eea3ec8: ;   {other}
  0x00007f612eea3ec8: 0f1f 8400 | b819 0025 | be45 ffff | ff48 894c | 2418 4c89 | 4424 204c | 894c 2428 | 897c 2430 
  0x00007f612eea3ee8: ;   {runtime_call UncommonTrapBlob}
  0x00007f612eea3ee8: 6666 90e8 

  0x00007f612eea3eec: ; ImmutableOopMap {[24]=Oop [32]=Oop [40]=Oop [64]=Oop [72]=Oop [104]=Oop }
                      ;*ifne {reexecute=1 rethrow=0 return_oop=0}
                      ; - (reexecute) org.eclipse.core.runtime.SubMonitor::isCanceled@7 (line 662)
                      ; - org.eclipse.jdt.internal.core.search.PatternSearchJob$ParallelSearchMonitor::isCanceled@11 (line 380)
                      ; - org.eclipse.jdt.core.search.SearchPattern::findIndexMatches@7 (line 2512)
  0x00007f612eea3eec: 1064 4efe 

  0x00007f612eea3ef0: ;   {other}
  0x00007f612eea3ef0: 0f1f 8400 | e019 0026 | be45 ffff | ff48 8b6c | 2468 4c8b | 5424 204c | 8994 24e0 | 0000 004c 
  0x00007f612eea3f10: 8b54 2428 | 4c89 5424 | 184c 8b54 | 2430 4c89 | 5424 2044 | 8b5c 2438 | 4489 5c24 | 2889 4424 
  0x00007f612eea3f30: ;   {runtime_call UncommonTrapBlob}
  0x00007f612eea3f30: 2c66 90e8 

  0x00007f612eea3f34: ; ImmutableOopMap {rbp=Oop [24]=Oop [32]=Oop [64]=Oop [72]=Oop [224]=Oop }
                      ;*ifne {reexecute=1 rethrow=0 return_oop=0}
                      ; - (reexecute) org.eclipse.jdt.internal.core.search.PatternSearchJob$ParallelSearchMonitor::isCanceled@16 (line 380)
                      ; - org.eclipse.jdt.core.search.SearchPattern::findIndexMatches@7 (line 2512)
  0x00007f612eea3f34: c863 4efe 

  0x00007f612eea3f38: ;   {other}
  0x00007f612eea3f38: 0f1f 8400 | 281a 0027 | be76 ffff | ff4c 8b54 | 2420 4c89 | 5424 184c | 8b54 2428 | 4c89 5424 
  0x00007f612eea3f58: 204c 8b54 | 2430 4c89 | 5424 2844 | 8b54 2438 | 4489 5424 | 3048 ff74 | 2448 488f | 4424 3848 
  0x00007f612eea3f78: 8944 2440 | 895c 2434 | 4489 4424 | 484c 895c | 2450 4489 

  0x00007f612eea3f8c: ;   {runtime_call UncommonTrapBlob}
  0x00007f612eea3f8c: 6c24 58e8 

  0x00007f612eea3f90: ; ImmutableOopMap {[24]=Oop [32]=Oop [40]=Oop [52]=NarrowOop [56]=Oop [64]=Oop [80]=Oop [104]=Oop }
                      ;*if_icmplt {reexecute=1 rethrow=0 return_oop=0}
                      ; - (reexecute) org.eclipse.jdt.core.search.SearchPattern::findIndexMatches@225 (line 2521)
  0x00007f612eea3f90: 6c63 4efe 

  0x00007f612eea3f94: ;   {other}
  0x00007f612eea3f94: 0f1f 8400 | 841a 0028 | 4489 4424 | 1c44 895c | 247c 896c | 2418 4d63 | d0e9 1df0 | ffff 4889 
  0x00007f612eea3fb4: 8424 8000 | 0000 418b 

  0x00007f612eea3fbc: ;   {metadata('java/lang/String'[])}
  0x00007f612eea3fbc: e848 be20 | ec00 db60 | 7f00 008b 

  0x00007f612eea3fc8: ;   {runtime_call _new_array_Java}
  0x00007f612eea3fc8: d566 90e8 

  0x00007f612eea3fcc: ; ImmutableOopMap {[32]=Oop [40]=Oop [48]=Oop [64]=Oop [72]=Oop [84]=NarrowOop [96]=Oop [104]=Oop [112]=Oop [128]=Oop [136]=Oop [224]=Oop }
                      ;*anewarray {reexecute=0 rethrow=0 return_oop=1}
                      ; - org.eclipse.jdt.internal.core.index.EntryResult::getDocumentNames@45 (line 53)
                      ; - org.eclipse.jdt.core.search.SearchPattern::findIndexMatches@142 (line 2530)
  0x00007f612eea3fcc: b049 59fe 

  0x00007f612eea3fd0: ;   {other}
  0x00007f612eea3fd0: 0f1f 8400 | c01a 0029 | 4c8b d00f | 1f44 0000 | e9d1 f6ff | ffbe 76ff | ffff 488b | 6c24 704c 
  0x00007f612eea3ff0: 8b54 2468 | 4c89 9424 | e000 0000 | 4c8b 5424 | 204c 8954 | 2418 4c8b | 5424 284c | 8954 2420 
  0x00007f612eea4010: 4c8b 5424 | 304c 8954 | 2428 448b | 5c24 3844 | 895c 2430 | 4c8b 5424 | 484c 8954 | 2438 448b 
  0x00007f612eea4030: 5c24 5444 | 895c 2434 | 448b 5424 | 5044 8954 | 2448 448b | 5c24 5c44 | 895c 244c | 448b 5424 
  0x00007f612eea4050: 5844 8954 | 2450 4c8b | 5424 604c | 8954 2458 | 4c89 4c24 | 6889 4c24 | 7089 5c24 

  0x00007f612eea406c: ;   {runtime_call UncommonTrapBlob}
  0x00007f612eea406c: 7466 90e8 

  0x00007f612eea4070: ; ImmutableOopMap {rbp=Oop [24]=Oop [32]=Oop [40]=Oop [52]=NarrowOop [56]=Oop [88]=Oop [104]=Oop [112]=NarrowOop [136]=Oop [224]=Oop }
                      ;*if_icmplt {reexecute=1 rethrow=0 return_oop=0}
                      ; - (reexecute) org.eclipse.jdt.internal.core.index.EntryResult::getDocumentNames@244 (line 73)
                      ; - org.eclipse.jdt.core.search.SearchPattern::findIndexMatches@142 (line 2530)
  0x00007f612eea4070: 8c62 4efe 

  0x00007f612eea4074: ;   {other}
  0x00007f612eea4074: 0f1f 8400 | 641b 002a | 4533 c090 | e956 f2ff | ffbe 76ff | ffff 488b | 6c24 704c | 8b54 2468 
  0x00007f612eea4094: 4c89 9424 | e000 0000 | 4c8b 5424 | 204c 8954 | 2418 4c8b | 5424 284c | 8954 2420 | 4c8b 5424 
  0x00007f612eea40b4: 304c 8954 | 2428 448b | 5424 3844 | 8954 2430 | 4c8b 5424 | 484c 8954 | 2438 448b | 4c24 5444 
  0x00007f612eea40d4: 894c 2434 | 448b 5424 | 5044 8954 | 2448 448b | 4c24 5c44 | 894c 244c | 448b 5424 | 5844 8954 
  0x00007f612eea40f4: 2450 4c8b | 5424 604c | 8954 2458 | 4c89 4424 | 6844 895c 

  0x00007f612eea4108: ;   {runtime_call UncommonTrapBlob}
  0x00007f612eea4108: 2470 90e8 

  0x00007f612eea410c: ; ImmutableOopMap {rbp=Oop [24]=Oop [32]=Oop [40]=Oop [52]=NarrowOop [56]=Oop [88]=Oop [104]=Oop [136]=Oop [224]=Oop }
                      ;*if_icmplt {reexecute=1 rethrow=0 return_oop=0}
                      ; - (reexecute) org.eclipse.jdt.core.search.SearchPattern::findIndexMatches@193 (line 2531)
  0x00007f612eea410c: f061 4efe 

  0x00007f612eea4110: ;   {other}
  0x00007f612eea4110: 0f1f 8400 | 001c 002b | bec6 ffff | ff48 8b6c | 2468 4c8b | 5424 204c | 8994 24e0 | 0000 004c 
  0x00007f612eea4130: 8b54 2428 | 4c89 5424 | 184c 8b54 | 2430 4c89 | 5424 2044 | 8b54 2438 | 4489 5424 | 2848 ff74 
  0x00007f612eea4150: 2448 488f 

  0x00007f612eea4154: ;   {runtime_call UncommonTrapBlob}
  0x00007f612eea4154: 4424 30e8 

  0x00007f612eea4158: ; ImmutableOopMap {rbp=Oop [24]=Oop [32]=Oop [48]=Oop [64]=Oop [224]=Oop }
                      ;*invokevirtual queryIn {reexecute=0 rethrow=0 return_oop=0}
                      ; - org.eclipse.jdt.core.search.SearchPattern::findIndexMatches@36 (line 2516)
  0x00007f612eea4158: a461 4efe 

  0x00007f612eea415c: ;   {other}
  0x00007f612eea415c: 0f1f 8400 | 4c1c 002c | 4c8b db45 | 85d2 0f84 | 0001 0000 | 85ff 0f84 | 8d01 0000 | 488b f344 
  0x00007f612eea417c: 8944 243c | 4c89 4c24 | 5048 ff74 | 2448 488f | 4424 1848 | ff74 2468 | 488f 8424 | e000 0000 
  0x00007f612eea419c: 488b 6c24 | 40ba 2f00 | 0000 41b8 | 2f00 0000 

  0x00007f612eea41ac: ;   {oop([C{0x0000000081633328})}
  0x00007f612eea41ac: 49b9 2833 | 6381 0000 | 0000 48ff | 7424 5048 | 8f44 2440 

  0x00007f612eea41c0: ;   {static_call}
  0x00007f612eea41c0: 6666 90e8 

  0x00007f612eea41c4: ; ImmutableOopMap {rbp=Oop [24]=Oop [32]=Oop [40]=Oop [48]=Oop [64]=Oop [80]=Oop [104]=Oop [224]=Oop }
                      ;*invokestatic concat {reexecute=0 rethrow=0 return_oop=1}
                      ; - org.eclipse.jdt.internal.core.search.matching.TypeDeclarationPattern::queryIn@284 (line 341)
                      ; - org.eclipse.jdt.core.search.SearchPattern::findIndexMatches@36 (line 2516)
  0x00007f612eea41c4: b814 4efe 

  0x00007f612eea41c8: ;   {other}
  0x00007f612eea41c8: 0f1f 8400 | b81c 002d | 448b 4424 | 3c48 896c | 2440 48ff | 7424 1848 | 8f44 2448 | 4c8b 4c24 
  0x00007f612eea41e8: 5048 8bd8 | e99d e8ff | ffbe f6ff | ffff 488b | 6c24 704c | 8b54 2420 | 4c89 5424 | 184c 8b54 
  0x00007f612eea4208: 2428 4c89 | 5424 204c | 8b54 2430 | 4c89 5424 | 2844 8b54 | 2438 4489 | 5424 304c | 8b54 2448 
  0x00007f612eea4228: 4c89 5424 | 3844 8b5c | 2454 4489 | 5c24 3444 | 8b54 2450 | 4489 5424 | 4844 8b5c | 245c 4489 
  0x00007f612eea4248: 5c24 4c44 | 8b54 2458 | 4489 5424 | 504c 8b54 | 2460 4c89 | 5424 5889 

  0x00007f612eea4260: ;   {runtime_call UncommonTrapBlob}
  0x00007f612eea4260: 4c24 54e8 

  0x00007f612eea4264: ; ImmutableOopMap {rbp=Oop [24]=Oop [32]=Oop [40]=Oop [52]=NarrowOop [56]=Oop [88]=Oop [104]=Oop [136]=Oop }
                      ;*invokevirtual readDocumentName {reexecute=0 rethrow=0 return_oop=0}
                      ; - org.eclipse.jdt.internal.core.index.EntryResult::getDocumentNames@74 (line 55)
                      ; - org.eclipse.jdt.core.search.SearchPattern::findIndexMatches@142 (line 2530)
  0x00007f612eea4264: 9860 4efe 

  0x00007f612eea4268: ;   {other}
  0x00007f612eea4268: 0f1f 8400 | 581d 002e | 85ff 0f84 | 3802 0000 | 448b 570c | 418b eaff | cd41 3bea | 0f83 4302 
  0x00007f612eea4288: 0000 460f | b754 570e | 4183 fa2a | 0f84 2b02 | 0000 4489 | 4424 3c4c | 894c 2450 | 48ff 7424 
  0x00007f612eea42a8: 4848 8f44 | 2418 48ff | 7424 6848 | 8f84 24e0 | 0000 0048 | 8b6c 2440 

  0x00007f612eea42c0: ;   {oop([C{0x0000000081633328})}
  0x00007f612eea42c0: 488b f348 | ba28 3363 | 8100 0000 | 00b9 2f00 | 0000 4c89 

  0x00007f612eea42d4: ;   {static_call}
  0x00007f612eea42d4: 4c24 48e8 

  0x00007f612eea42d8: ; ImmutableOopMap {rbp=Oop [24]=Oop [32]=Oop [40]=Oop [48]=Oop [72]=Oop [80]=Oop [104]=Oop [224]=Oop }
                      ;*invokestatic concat {reexecute=0 rethrow=0 return_oop=1}
                      ; - org.eclipse.jdt.internal.core.search.matching.TypeDeclarationPattern::queryIn@249 (line 336)
                      ; - org.eclipse.jdt.core.search.SearchPattern::findIndexMatches@36 (line 2516)
  0x00007f612eea42d8: a413 4efe 

  0x00007f612eea42dc: ;   {other}
  0x00007f612eea42dc: 0f1f 8400 | cc1d 002f | 448b 4424 | 3c48 896c | 2440 48ff | 7424 1848 | 8f44 2448 | 4c8b 4c24 
  0x00007f612eea42fc: 5048 8bd8 | e989 e7ff 

  0x00007f612eea4304: ;   {oop([C{0x0000000081633328})}
  0x00007f612eea4304: ff48 be28 | 3363 8100 | 0000 00e9 | 67fe ffff | 4183 c802 | 4533 db0f | 1f44 0000 | e942 feff 
  0x00007f612eea4324: ff4c 894c | 2450 48ff | 7424 6848 | 8f44 2418 | 48ff 7424 | 4048 8f84 | 24e0 0000 | 0048 8bf3 
  0x00007f612eea4344: ba2f 0000 

  0x00007f612eea4348: ;   {static_call}
  0x00007f612eea4348: 0066 90e8 

  0x00007f612eea434c: ; ImmutableOopMap {[24]=Oop [32]=Oop [40]=Oop [48]=Oop [72]=Oop [80]=Oop [104]=Oop [224]=Oop }
                      ;*invokestatic append {reexecute=0 rethrow=0 return_oop=1}
                      ; - org.eclipse.jdt.internal.core.search.matching.TypeDeclarationPattern::queryIn@103 (line 314)
                      ; - org.eclipse.jdt.core.search.SearchPattern::findIndexMatches@36 (line 2516)
  0x00007f612eea434c: 4007 0000 

  0x00007f612eea4350: ;   {other}
  0x00007f612eea4350: 0f1f 8400 | 401e 0030 | e907 e7ff | ffbe f6ff | ffff 4c8b | 5424 1848 | ff74 2468 | 488f 4424 
  0x00007f612eea4370: 1848 ff74 | 2448 488f | 4424 404c | 8954 2448 | 448b 5c24 | 5444 895c 

  0x00007f612eea4388: ;   {runtime_call UncommonTrapBlob}
  0x00007f612eea4388: 243c 90e8 

  0x00007f612eea438c: ; ImmutableOopMap {rbp=NarrowOop [24]=Oop [32]=Oop [40]=Oop [48]=Oop [60]=NarrowOop [64]=Oop [72]=Oop [96]=Oop [112]=Oop [136]=Oop }
                      ;*invokevirtual readDocumentNumbers {reexecute=0 rethrow=0 return_oop=0}
                      ; - org.eclipse.jdt.internal.core.index.EntryResult::getDocumentNames@37 (line 52)
                      ; - org.eclipse.jdt.core.search.SearchPattern::findIndexMatches@142 (line 2530)
  0x00007f612eea438c: 705f 4efe 

  0x00007f612eea4390: ;   {other}
  0x00007f612eea4390: 0f1f 8400 | 801e 0031 | bee4 ffff | ff48 8b6c | 2418 4c8b | 5424 204c | 8954 2418 | 4c8b 5424 
  0x00007f612eea43b0: 284c 8954 | 2420 4c8b | 5424 304c | 8954 2428 | 448b 5424 | 3844 8954 | 2430 4c8b | 5424 484c 
  0x00007f612eea43d0: 8954 2438 | 448b 5424 | 5444 8954 | 2434 448b | 5c24 5044 | 895c 2448 | 448b 5424 | 5c44 8954 
  0x00007f612eea43f0: 244c 448b | 5c24 5844 | 895c 2450 | 4c8b 5424 | 604c 8954 | 2458 894c 

  0x00007f612eea4408: ;   {runtime_call UncommonTrapBlob}
  0x00007f612eea4408: 2454 90e8 

  0x00007f612eea440c: ; ImmutableOopMap {rbp=Oop [24]=Oop [32]=Oop [40]=Oop [52]=NarrowOop [56]=Oop [84]=NarrowOop [88]=Oop [104]=Oop [136]=Oop }
                      ;*aaload {reexecute=0 rethrow=0 return_oop=0}
                      ; - org.eclipse.jdt.internal.core.index.EntryResult::getDocumentNames@30 (line 51)
                      ; - org.eclipse.jdt.core.search.SearchPattern::findIndexMatches@142 (line 2530)
  0x00007f612eea440c: f05e 4efe 

  0x00007f612eea4410: ;   {other}
  0x00007f612eea4410: 0f1f 8400 | 001f 0032 | be76 ffff | ff48 8b6c | 2470 4c8b | 5424 204c | 8954 2418 | 4c8b 5424 
  0x00007f612eea4430: 284c 8954 | 2420 4c8b | 5424 304c | 8954 2428 | 448b 5424 | 3844 8954 | 2430 4c8b | 5424 484c 
  0x00007f612eea4450: 8954 2438 | 448b 5c24 | 5444 895c | 2434 448b | 5424 5044 | 8954 2448 | 448b 5424 | 5c44 8954 
  0x00007f612eea4470: 244c 448b | 5c24 5844 | 895c 2450 | 4c8b 5424 | 604c 8954 | 2458 4c8b | 9424 8000 | 0000 4c89 
  0x00007f612eea4490: 5424 704c | 8944 2478 | 4489 8c24 | 8000 0000 

  0x00007f612eea44a0: ;   {runtime_call UncommonTrapBlob}
  0x00007f612eea44a0: 6666 90e8 

  0x00007f612eea44a4: ; ImmutableOopMap {rbp=Oop [24]=Oop [32]=Oop [40]=Oop [52]=NarrowOop [56]=Oop [88]=Oop [104]=Oop [112]=Oop [120]=Oop [136]=Oop }
                      ;*if_icmplt {reexecute=1 rethrow=0 return_oop=0}
                      ; - (reexecute) org.eclipse.jdt.internal.core.index.EntryResult::getDocumentNames@85 (line 54)
                      ; - org.eclipse.jdt.core.search.SearchPattern::findIndexMatches@142 (line 2530)
  0x00007f612eea44a4: 585e 4efe 

  0x00007f612eea44a8: ;   {other}
  0x00007f612eea44a8: 0f1f 8400 | 981f 0033 | 498b dbe9 | d6e5 ffff | 448b c545 | 33c9 6690 | e917 f0ff | ff49 8bdb 
  0x00007f612eea44c8: e9c1 e5ff | ffbe e4ff | ffff 48ff | 7424 6848 | 8f84 24e0 | 0000 004c | 8b54 2420 | 4c89 5424 
  0x00007f612eea44e8: 184c 8b54 | 2428 4c89 | 5424 204c | 8b54 2430 | 4c89 5424 | 2844 8b54 | 2438 4489 | 5424 3048 
  0x00007f612eea4508: ff74 2448 | 488f 4424 | 384c 894c | 2450 4c89 | 4c24 584c | 895c 2460 | 4489 4424 | 3489 7c24 
  0x00007f612eea4528: ;   {runtime_call UncommonTrapBlob}
  0x00007f612eea4528: 6866 90e8 

  0x00007f612eea452c: ; ImmutableOopMap {[24]=Oop [32]=Oop [40]=Oop [56]=Oop [80]=Oop [88]=Oop [96]=Oop [104]=NarrowOop [224]=Oop }
                      ;*caload {reexecute=0 rethrow=0 return_oop=0}
                      ; - org.eclipse.jdt.internal.core.search.matching.TypeDeclarationPattern::queryIn@234 (line 335)
                      ; - org.eclipse.jdt.core.search.SearchPattern::findIndexMatches@36 (line 2516)
  0x00007f612eea452c: d05d 4efe 

  0x00007f612eea4530: ;   {other}
  0x00007f612eea4530: 0f1f 8400 | 2020 0034 | bef6 ffff | ff48 ff74 | 2448 488f | 4424 4048 | 8944 2448 | 895c 243c 
  0x00007f612eea4550: 4489 4424 | 5044 894c | 2454 4489 | 6c24 584c | 895c 2460 

  0x00007f612eea4564: ;   {runtime_call UncommonTrapBlob}
  0x00007f612eea4564: 6666 90e8 

  0x00007f612eea4568: ; ImmutableOopMap {rbp=NarrowOop [32]=Oop [40]=Oop [48]=Oop [60]=NarrowOop [64]=Oop [72]=Oop [96]=Oop [104]=Oop }
                      ;*invokeinterface isCanceled {reexecute=0 rethrow=0 return_oop=0}
                      ; - org.eclipse.jdt.internal.core.search.PatternSearchJob$ParallelSearchMonitor::isCanceled@11 (line 380)
                      ; - org.eclipse.jdt.core.search.SearchPattern::findIndexMatches@91 (line 2522)
  0x00007f612eea4568: 945d 4efe 

  0x00007f612eea456c: ;   {other}
  0x00007f612eea456c: 0f1f 8400 | 5c20 0035 | bef6 ffff | ff48 ff74 | 2448 488f | 4424 4048 | 8944 2448 | 895c 243c 
  0x00007f612eea458c: 4489 4424 | 5044 894c | 2454 4489 | 6c24 584c | 895c 2460 

  0x00007f612eea45a0: ;   {runtime_call UncommonTrapBlob}
  0x00007f612eea45a0: 6666 90e8 

  0x00007f612eea45a4: ; ImmutableOopMap {rbp=NarrowOop [32]=Oop [40]=Oop [48]=Oop [60]=NarrowOop [64]=Oop [72]=Oop [96]=Oop [104]=Oop }
                      ;*invokevirtual isCanceled {reexecute=0 rethrow=0 return_oop=0}
                      ; - org.eclipse.core.runtime.SubMonitor::isCanceled@14 (line 663)
                      ; - org.eclipse.jdt.internal.core.search.PatternSearchJob$ParallelSearchMonitor::isCanceled@11 (line 380)
                      ; - org.eclipse.jdt.core.search.SearchPattern::findIndexMatches@91 (line 2522)
  0x00007f612eea45a4: 585d 4efe 

  0x00007f612eea45a8: ;   {other}
  0x00007f612eea45a8: 0f1f 8400 | 9820 0036 | bef6 ffff | ff48 8b6c | 2470 4c8b | 5424 684c | 8994 24e0 | 0000 004c 
  0x00007f612eea45c8: 8b54 2420 | 4c89 5424 | 184c 8b54 | 2428 4c89 | 5424 204c | 8b54 2430 | 4c89 5424 | 2844 8b54 
  0x00007f612eea45e8: 2438 4489 | 5424 304c | 8b54 2448 | 4c89 5424 | 3844 8b54 | 2450 4489 | 5424 4844 | 8b5c 245c 
  0x00007f612eea4608: 4489 5c24 | 4c44 8b54 | 2458 4489 | 5424 504c | 8b54 2460 | 4c89 5424 | 5848 8944 

  0x00007f612eea4624: ;   {runtime_call UncommonTrapBlob}
  0x00007f612eea4624: 2468 90e8 

  0x00007f612eea4628: ; ImmutableOopMap {rbp=Oop [24]=Oop [32]=Oop [40]=Oop [56]=Oop [84]=NarrowOop [88]=Oop [104]=Oop [224]=Oop }
                      ;*invokevirtual getWord {reexecute=0 rethrow=0 return_oop=0}
                      ; - org.eclipse.jdt.core.search.SearchPattern::findIndexMatches@118 (line 2525)
  0x00007f612eea4628: d45c 4efe 

  0x00007f612eea462c: ;   {other}
  0x00007f612eea462c: 0f1f 8400 | 1c21 0037 | bef6 ffff | ff48 8b6c | 2470 4c8b | 5424 204c | 8954 2418 | 4c8b 5424 
  0x00007f612eea464c: 284c 8954 | 2420 4c8b | 5424 304c | 8954 2428 | 448b 5c24 | 3844 895c | 2430 4c8b | 5424 484c 
  0x00007f612eea466c: 8954 2438 | 448b 5424 | 5444 8954 | 2434 448b | 5c24 5044 | 895c 2448 | 448b 5424 | 5c44 8954 
  0x00007f612eea468c: 244c 448b | 5c24 5844 | 895c 2450 | 4c8b 5424 | 604c 8954 

  0x00007f612eea46a0: ;   {runtime_call UncommonTrapBlob}
  0x00007f612eea46a0: 2458 90e8 

  0x00007f612eea46a4: ; ImmutableOopMap {rbp=Oop [24]=Oop [32]=Oop [40]=Oop [52]=NarrowOop [56]=Oop [88]=Oop [104]=Oop [136]=Oop }
                      ;*aaload {reexecute=0 rethrow=0 return_oop=0}
                      ; - org.eclipse.jdt.internal.core.index.EntryResult::getDocumentNames@101 (line 60)
                      ; - org.eclipse.jdt.core.search.SearchPattern::findIndexMatches@142 (line 2530)
  0x00007f612eea46a4: 585c 4efe 

  0x00007f612eea46a8: ;   {other}
  0x00007f612eea46a8: 0f1f 8400 | 9821 0038 | bef6 ffff | ff48 8b6c | 2470 4c8b | 5424 204c | 8954 2418 | 4c8b 5424 
  0x00007f612eea46c8: 284c 8954 | 2420 4c8b | 5424 304c | 8954 2428 | 448b 5c24 | 3844 895c | 2430 4c8b | 5424 484c 
  0x00007f612eea46e8: 8954 2438 | 448b 5c24 | 5044 895c | 2448 448b | 5424 5c44 | 8954 244c | 448b 5c24 | 5844 895c 
  0x00007f612eea4708: 2450 4c8b | 5424 604c | 8954 2458 

  0x00007f612eea4714: ;   {runtime_call UncommonTrapBlob}
  0x00007f612eea4714: 6666 90e8 

  0x00007f612eea4718: ; ImmutableOopMap {rbp=Oop [24]=Oop [32]=Oop [40]=Oop [56]=Oop [84]=NarrowOop [88]=Oop [104]=Oop [136]=Oop }
                      ;*arraylength {reexecute=0 rethrow=0 return_oop=0}
                      ; - org.eclipse.jdt.internal.core.index.EntryResult::getDocumentNames@120 (line 62)
                      ; - org.eclipse.jdt.core.search.SearchPattern::findIndexMatches@142 (line 2530)
  0x00007f612eea4718: e45b 4efe 

  0x00007f612eea471c: ;   {other}
  0x00007f612eea471c: 0f1f 8400 | 0c22 0039 | bef6 ffff | ff48 8bea | 4889 8c24 | e000 0000 | 4c89 4424 | 184c 894c 
  0x00007f612eea473c: 2420 897c 

  0x00007f612eea4740: ;   {runtime_call UncommonTrapBlob}
  0x00007f612eea4740: 2428 90e8 

  0x00007f612eea4744: ; ImmutableOopMap {rbp=Oop [24]=Oop [32]=Oop [64]=Oop [72]=Oop [224]=Oop }
                      ;*invokeinterface isCanceled {reexecute=0 rethrow=0 return_oop=0}
                      ; - org.eclipse.jdt.internal.core.search.PatternSearchJob$ParallelSearchMonitor::isCanceled@11 (line 380)
                      ; - org.eclipse.jdt.core.search.SearchPattern::findIndexMatches@7 (line 2512)
  0x00007f612eea4744: b85b 4efe 

  0x00007f612eea4748: ;   {other}
  0x00007f612eea4748: 0f1f 8400 | 3822 003a | bef6 ffff | ff48 8bea | 4889 8c24 | e000 0000 | 4c89 4424 | 184c 894c 
  0x00007f612eea4768: 2420 897c 

  0x00007f612eea476c: ;   {runtime_call UncommonTrapBlob}
  0x00007f612eea476c: 2428 90e8 

  0x00007f612eea4770: ; ImmutableOopMap {rbp=Oop [24]=Oop [32]=Oop [64]=Oop [72]=Oop [224]=Oop }
                      ;*invokevirtual isCanceled {reexecute=0 rethrow=0 return_oop=0}
                      ; - org.eclipse.core.runtime.SubMonitor::isCanceled@14 (line 663)
                      ; - org.eclipse.jdt.internal.core.search.PatternSearchJob$ParallelSearchMonitor::isCanceled@11 (line 380)
                      ; - org.eclipse.jdt.core.search.SearchPattern::findIndexMatches@7 (line 2512)
  0x00007f612eea4770: 8c5b 4efe 

  0x00007f612eea4774: ;   {other}
  0x00007f612eea4774: 0f1f 8400 | 6422 003b | bef6 ffff | ff48 8b6c | 2420 4c8b | 5424 284c | 8994 24e0 | 0000 004c 
  0x00007f612eea4794: 8b54 2430 | 4c89 5424 

  0x00007f612eea479c: ;   {runtime_call UncommonTrapBlob}
  0x00007f612eea479c: 1866 90e8 

  0x00007f612eea47a0: ; ImmutableOopMap {rbp=Oop [24]=Oop [64]=Oop [72]=Oop [224]=Oop }
                      ;*invokevirtual startQuery {reexecute=0 rethrow=0 return_oop=0}
                      ; - org.eclipse.jdt.core.search.SearchPattern::findIndexMatches@24 (line 2514)
  0x00007f612eea47a0: 5c5b 4efe 

  0x00007f612eea47a4: ;   {other}
  0x00007f612eea47a4: 0f1f 8400 | 9422 003c | be45 ffff | ff48 8bea | 4889 8c24 | e000 0000 | 4c89 4424 | 184c 894c 
  0x00007f612eea47c4: 2420 897c | 2428 4c8b | 5c24 404c | 895c 2430 | 4c89 5424 

  0x00007f612eea47d8: ;   {runtime_call UncommonTrapBlob}
  0x00007f612eea47d8: 4066 90e8 

  0x00007f612eea47dc: ; ImmutableOopMap {rbp=Oop [24]=Oop [32]=Oop [48]=Oop [64]=Oop [224]=Oop }
                      ;*ifnull {reexecute=1 rethrow=0 return_oop=0}
                      ; - (reexecute) org.eclipse.jdt.core.search.SearchPattern::findIndexMatches@2 (line 2512)
  0x00007f612eea47dc: 205b 4efe 

  0x00007f612eea47e0: ;   {other}
  0x00007f612eea47e0: 0f1f 8400 | d022 003d | bef6 ffff | ff48 8b6c | 2470 4c8b | 5424 204c | 8954 2418 | 4c8b 5424 
  0x00007f612eea4800: 284c 8954 | 2420 4c8b | 5424 304c | 8954 2428 | 448b 5c24 | 3844 895c | 2430 4c8b | 5424 484c 
  0x00007f612eea4820: 8954 2438 | 448b 5424 | 5044 8954 | 2448 448b | 5c24 5c44 | 895c 244c | 448b 5424 | 5844 8954 
  0x00007f612eea4840: 2450 4c8b | 5424 604c | 8954 2458 

  0x00007f612eea484c: ;   {runtime_call UncommonTrapBlob}
  0x00007f612eea484c: 6666 90e8 

  0x00007f612eea4850: ; ImmutableOopMap {rbp=Oop [24]=Oop [32]=Oop [40]=Oop [56]=Oop [84]=NarrowOop [88]=Oop [104]=Oop [136]=Oop }
                      ;*arraylength {reexecute=0 rethrow=0 return_oop=0}
                      ; - org.eclipse.jdt.internal.core.index.EntryResult::getDocumentNames@205 (line 73)
                      ; - org.eclipse.jdt.core.search.SearchPattern::findIndexMatches@142 (line 2530)
  0x00007f612eea4850: ac5a 4efe 

  0x00007f612eea4854: ;   {other}
  0x00007f612eea4854: 0f1f 8400 | 4423 003e | bef6 ffff | ff4c 8b54 | 2420 4c89 | 5424 184c | 8b54 2428 | 4c89 5424 
  0x00007f612eea4874: 204c 8b54 | 2430 4c89 | 5424 2844 | 8b5c 2438 | 4489 5c24 | 304c 8b54 | 2448 4c89 | 5424 3844 
  0x00007f612eea4894: 8b54 2450 | 4489 5424 | 4844 8b5c | 245c 4489 | 5c24 4c44 | 8b54 2458 | 4489 5424 | 504c 8b54 
  0x00007f612eea48b4: 2460 4c89 

  0x00007f612eea48b8: ;   {runtime_call UncommonTrapBlob}
  0x00007f612eea48b8: 5424 58e8 

  0x00007f612eea48bc: ; ImmutableOopMap {rbp=Oop [24]=Oop [32]=Oop [40]=Oop [56]=Oop [84]=NarrowOop [88]=Oop [104]=Oop [136]=Oop }
                      ;*arraylength {reexecute=0 rethrow=0 return_oop=0}
                      ; - org.eclipse.jdt.internal.core.index.EntryResult::getDocumentNames@44 (line 53)
                      ; - org.eclipse.jdt.core.search.SearchPattern::findIndexMatches@142 (line 2530)
  0x00007f612eea48bc: 405a 4efe 

  0x00007f612eea48c0: ;   {other}
  0x00007f612eea48c0: 0f1f 8400 | b023 003f | e962 0000 | 00e9 5d00 | 0000 e958 | 0000 00e9 | 5300 0000 | 0f1f 4000 
  0x00007f612eea48e0: e94a 0000 | 00e9 5a00 | 0000 e955 | 0000 00e9 | 5000 0000 | 488b f0e9 | 7700 0000 | 0f1f 4000 
  0x00007f612eea4900: e93f 0000 | 0048 8be8 | e94e 0000 | 00eb 2048 | 8be8 e944 | 0000 0048 | 8bf0 e954 | 0000 0048 
  0x00007f612eea4920: 8bf0 e94c | 0000 0048 | 8be8 e92c | 0000 0048 | 8be8 e924 | 0000 0048 | 8bf0 e934 | 0000 0090 
  0x00007f612eea4940: eb02 eb00 | 488b e8eb | 1248 8be8 | eb0d 488b | e8eb 0848 | 8be8 eb03 | 488b e848 | 8b74 2468 
  0x00007f612eea4960: ;   {optimized virtual_call}
  0x00007f612eea4960: 6666 90e8 

  0x00007f612eea4964: ; ImmutableOopMap {rbp=Oop }
                      ;*invokevirtual stopQuery {reexecute=0 rethrow=0 return_oop=0}
                      ; - org.eclipse.jdt.core.search.SearchPattern::findIndexMatches@234 (line 2539)
  0x00007f612eea4964: 1807 4efe 

  0x00007f612eea4968: ;   {other}
  0x00007f612eea4968: 0f1f 8400 | 5824 0040 | 488b f548 | 81c4 d000 

  0x00007f612eea4978: ;   {runtime_call _rethrow_Java}
  0x00007f612eea4978: 0000 5de9 | 809d 59fe 

  0x00007f612eea4980: ;   {internal_word}
  0x00007f612eea4980: 49ba 242e | ea2e 617f | 0000 4d89 | 9768 0400 

  0x00007f612eea4990: ;   {runtime_call SafepointBlob}
  0x00007f612eea4990: 00e9 6a6a 

  0x00007f612eea4994: ;   {runtime_call StubRoutines (final stubs)}
  0x00007f612eea4994: 4efe e845 | a64c fee9 | 3edf ffff 
[Stub Code]
  0x00007f612eea49a0: ;   {no_reloc}
  0x00007f612eea49a0: 48bb 20b4 | 1fd3 607f 

  0x00007f612eea49a8: ;   {runtime_call I2C/C2I adapters}
  0x00007f612eea49a8: 0000 e934 

  0x00007f612eea49ac: ;   {static_stub}
  0x00007f612eea49ac: fb4d fe48 | bb00 0000 | 0000 0000 

  0x00007f612eea49b8: ;   {runtime_call nmethod}
  0x00007f612eea49b8: 00e9 fbff 

  0x00007f612eea49bc: ;   {static_stub}
  0x00007f612eea49bc: ffff 48bb | 38b5 1fd3 | 607f 0000 

  0x00007f612eea49c8: ;   {runtime_call I2C/C2I adapters}
  0x00007f612eea49c8: e916 fb4d 

  0x00007f612eea49cc: ;   {static_stub}
  0x00007f612eea49cc: fe48 bb00 | 0000 0000 

  0x00007f612eea49d4: ;   {runtime_call nmethod}
  0x00007f612eea49d4: 0000 00e9 | fbff ffff 

  0x00007f612eea49dc: ;   {static_stub}
  0x00007f612eea49dc: 48bb 0000 | 0000 0000 

  0x00007f612eea49e4: ;   {runtime_call nmethod}
  0x00007f612eea49e4: 0000 e9fb 

  0x00007f612eea49e8: ;   {static_stub}
  0x00007f612eea49e8: ffff ff48 | bb00 0000 | 0000 0000 

  0x00007f612eea49f4: ;   {runtime_call nmethod}
  0x00007f612eea49f4: 00e9 fbff 

  0x00007f612eea49f8: ;   {static_stub}
  0x00007f612eea49f8: ffff 48bb | 38b5 1fd3 | 607f 0000 

  0x00007f612eea4a04: ;   {runtime_call I2C/C2I adapters}
  0x00007f612eea4a04: e9da fa4d 

  0x00007f612eea4a08: ;   {static_stub}
  0x00007f612eea4a08: fe48 bb00 | 0000 0000 

  0x00007f612eea4a10: ;   {runtime_call nmethod}
  0x00007f612eea4a10: 0000 00e9 | fbff ffff 

  0x00007f612eea4a18: ;   {static_stub}
  0x00007f612eea4a18: 48bb 0000 | 0000 0000 

  0x00007f612eea4a20: ;   {runtime_call nmethod}
  0x00007f612eea4a20: 0000 e9fb 

  0x00007f612eea4a24: ;   {static_stub}
  0x00007f612eea4a24: ffff ff48 | bb00 0000 | 0000 0000 

  0x00007f612eea4a30: ;   {runtime_call nmethod}
  0x00007f612eea4a30: 00e9 fbff 

  0x00007f612eea4a34: ;   {static_stub}
  0x00007f612eea4a34: ffff 48bb | 0000 0000 | 0000 0000 

  0x00007f612eea4a40: ;   {runtime_call nmethod}
  0x00007f612eea4a40: e9fb ffff 

  0x00007f612eea4a44: ;   {static_stub}
  0x00007f612eea4a44: ff48 bb00 | 0000 0000 

  0x00007f612eea4a4c: ;   {runtime_call nmethod}
  0x00007f612eea4a4c: 0000 00e9 | fbff ffff 

  0x00007f612eea4a54: ;   {static_stub}
  0x00007f612eea4a54: 48bb 0000 | 0000 0000 

  0x00007f612eea4a5c: ;   {runtime_call nmethod}
  0x00007f612eea4a5c: 0000 e9fb 

  0x00007f612eea4a60: ;   {static_stub}
  0x00007f612eea4a60: ffff ff48 | bb00 0000 | 0000 0000 

  0x00007f612eea4a6c: ;   {runtime_call nmethod}
  0x00007f612eea4a6c: 00e9 fbff 

  0x00007f612eea4a70: ;   {static_stub}
  0x00007f612eea4a70: ffff 48bb | 0000 0000 | 0000 0000 

  0x00007f612eea4a7c: ;   {runtime_call nmethod}
  0x00007f612eea4a7c: e9fb ffff 

  0x00007f612eea4a80: ;   {static_stub}
  0x00007f612eea4a80: ff48 bb00 | 0000 0000 

  0x00007f612eea4a88: ;   {runtime_call nmethod}
  0x00007f612eea4a88: 0000 00e9 | fbff ffff 

  0x00007f612eea4a90: ;   {static_stub}
  0x00007f612eea4a90: 48bb d05f | 15d1 607f 

  0x00007f612eea4a98: ;   {runtime_call I2C/C2I adapters}
  0x00007f612eea4a98: 0000 e9c7 

  0x00007f612eea4a9c: ;   {static_stub}
  0x00007f612eea4a9c: 524e fe48 | bb00 0000 | 0000 0000 

  0x00007f612eea4aa8: ;   {runtime_call nmethod}
  0x00007f612eea4aa8: 00e9 fbff 

  0x00007f612eea4aac: ;   {runtime_call ExceptionBlob}
  0x00007f612eea4aac: ffff e9cd | 1450 fee8 | 0000 0000 | 4883 2c24 

  0x00007f612eea4abc: ;   {runtime_call DeoptimizationBlob}
  0x00007f612eea4abc: 05e9 de5b | 4efe f4f4 | f4f4 f4f4 
[/MachCode]


---------------  P R O C E S S  ---------------

Threads class SMR info:
_java_thread_list=0x00007f6040184050, length=36, elements={
0x00007f613802ae20, 0x00007f6138175440, 0x00007f6138176980, 0x00007f61381780e0,
0x00007f61381796f0, 0x00007f613817ac60, 0x00007f613817c770, 0x00007f6138185df0,
0x00007f61381dbf60, 0x00007f613825e230, 0x00007f6138448e00, 0x00007f61384a6b80,
0x00007f60800261a0, 0x00007f61384a9760, 0x00007f606c387370, 0x00007f606c2ffa10,
0x00007f606c3439d0, 0x00007f606c7b15e0, 0x00007f61384fc230, 0x00007f61385f1300,
0x00007f61385f2610, 0x00007f60ac000f60, 0x00007f602005f0e0, 0x00007f6034286dd0,
0x00007f604013efb0, 0x00007f60683aeac0, 0x00007f60280c2e30, 0x00007f600400b450,
0x00007f6040139220, 0x00007f601c043160, 0x00007f604029c430, 0x00007f606813c080,
0x00007f6024019aa0, 0x00007f6040287f10, 0x00007f60180057c0, 0x00007f6040282960
}

Java Threads: ( => current thread )
  0x00007f613802ae20 JavaThread "main"                              [_thread_blocked, id=20258, stack(0x00007f613dfe9000,0x00007f613e0e9000) (1024K)]
  0x00007f6138175440 JavaThread "Reference Handler"          daemon [_thread_blocked, id=20262, stack(0x00007f61252f6000,0x00007f61253f6000) (1024K)]
  0x00007f6138176980 JavaThread "Finalizer"                  daemon [_thread_blocked, id=20263, stack(0x00007f61251f6000,0x00007f61252f6000) (1024K)]
  0x00007f61381780e0 JavaThread "Signal Dispatcher"          daemon [_thread_blocked, id=20264, stack(0x00007f61250f6000,0x00007f61251f6000) (1024K)]
  0x00007f61381796f0 JavaThread "Service Thread"             daemon [_thread_blocked, id=20265, stack(0x00007f6124ff6000,0x00007f61250f6000) (1024K)]
  0x00007f613817ac60 JavaThread "Monitor Deflation Thread"   daemon [_thread_blocked, id=20266, stack(0x00007f6124ef6000,0x00007f6124ff6000) (1024K)]
  0x00007f613817c770 JavaThread "C2 CompilerThread0"         daemon [_thread_blocked, id=20267, stack(0x00007f6124df6000,0x00007f6124ef6000) (1024K)]
  0x00007f6138185df0 JavaThread "C1 CompilerThread0"         daemon [_thread_blocked, id=20268, stack(0x00007f6124cf6000,0x00007f6124df6000) (1024K)]
  0x00007f61381dbf60 JavaThread "Common-Cleaner"             daemon [_thread_blocked, id=20270, stack(0x00007f6124af6000,0x00007f6124bf6000) (1024K)]
  0x00007f613825e230 JavaThread "Notification Thread"        daemon [_thread_blocked, id=20274, stack(0x00007f61249f6000,0x00007f6124af6000) (1024K)]
  0x00007f6138448e00 JavaThread "Active Thread: Equinox Container: 362eb7ab-c476-44ee-a535-0ce14c37506a"        [_thread_blocked, id=20298, stack(0x00007f61244f3000,0x00007f61245f3000) (1024K)]
  0x00007f61384a6b80 JavaThread "Refresh Thread: Equinox Container: 362eb7ab-c476-44ee-a535-0ce14c37506a" daemon [_thread_blocked, id=20300, stack(0x00007f61243f3000,0x00007f61244f3000) (1024K)]
  0x00007f60800261a0 JavaThread "Framework Event Dispatcher: Equinox Container: 362eb7ab-c476-44ee-a535-0ce14c37506a" daemon [_thread_blocked, id=20305, stack(0x00007f61241f2000,0x00007f61242f2000) (1024K)]
  0x00007f61384a9760 JavaThread "Start Level: Equinox Container: 362eb7ab-c476-44ee-a535-0ce14c37506a" daemon [_thread_blocked, id=20306, stack(0x00007f61240f2000,0x00007f61241f2000) (1024K)]
  0x00007f606c387370 JavaThread "Bundle File Closer"         daemon [_thread_blocked, id=20317, stack(0x00007f60dadff000,0x00007f60daeff000) (1024K)]
  0x00007f606c2ffa10 JavaThread "SCR Component Actor"        daemon [_thread_blocked, id=20322, stack(0x00007f6124bf6000,0x00007f6124cf6000) (1024K)]
  0x00007f606c3439d0 JavaThread "Worker-JM"                         [_thread_blocked, id=20325, stack(0x00007f60dabfe000,0x00007f60dacfe000) (1024K)]
  0x00007f606c7b15e0 JavaThread "Java indexing"              daemon [_thread_blocked, id=20338, stack(0x00007f60da7fd000,0x00007f60da8fd000) (1024K)]
  0x00007f61384fc230 JavaThread "pool-2-thread-1"                   [_thread_blocked, id=20341, stack(0x00007f60da374000,0x00007f60da474000) (1024K)]
  0x00007f61385f1300 JavaThread "WorkspaceEventsHandler"            [_thread_blocked, id=20342, stack(0x00007f60da5fd000,0x00007f60da6fd000) (1024K)]
  0x00007f61385f2610 JavaThread "pool-1-thread-1"                   [_thread_in_native, id=20343, stack(0x00007f60da274000,0x00007f60da374000) (1024K)]
  0x00007f60ac000f60 JavaThread "Attach Listener"            daemon [_thread_blocked, id=20437, stack(0x00007f60d9e74000,0x00007f60d9f74000) (1024K)]
  0x00007f602005f0e0 JavaThread "Cleaner-0"                  daemon [_thread_blocked, id=20452, stack(0x00007f60d9574000,0x00007f60d9674000) (1024K)]
  0x00007f6034286dd0 JavaThread "Worker-13"                         [_thread_blocked, id=39741, stack(0x00007f60d9674000,0x00007f60d9774000) (1024K)]
  0x00007f604013efb0 JavaThread "ForkJoinPool.commonPool-worker-37" daemon [_thread_blocked, id=46203, stack(0x00007f61248f6000,0x00007f61249f6000) (1024K)]
  0x00007f60683aeac0 JavaThread "ForkJoinPool.commonPool-worker-38" daemon [_thread_blocked, id=46223, stack(0x00007f60d9774000,0x00007f60d9874000) (1024K)]
  0x00007f60280c2e30 JavaThread "Worker-15"                         [_thread_blocked, id=46225, stack(0x00007f60d9874000,0x00007f60d9974000) (1024K)]
  0x00007f600400b450 JavaThread "ForkJoinPool.commonPool-worker-39" daemon [_thread_blocked, id=46283, stack(0x00007f60d9a74000,0x00007f60d9b74000) (1024K)]
=>0x00007f6040139220 JavaThread "PatternSearchJob-worker-7"  daemon [_thread_in_Java, id=46435, stack(0x00007f60d9b74000,0x00007f60d9c74000) (1024K)]
  0x00007f601c043160 JavaThread "PatternSearchJob-worker-8"  daemon [_thread_blocked, id=46436, stack(0x00007f60daafe000,0x00007f60dabfe000) (1024K)]
  0x00007f604029c430 JavaThread "ForkJoinPool.commonPool-worker-40" daemon [_thread_blocked, id=46560, stack(0x00007f60d9d74000,0x00007f60d9e74000) (1024K)]
  0x00007f606813c080 JavaThread "ForkJoinPool.commonPool-worker-41" daemon [_thread_blocked, id=46561, stack(0x00007f60da174000,0x00007f60da274000) (1024K)]
  0x00007f6024019aa0 JavaThread "ForkJoinPool.commonPool-worker-42" daemon [_thread_blocked, id=46562, stack(0x00007f60da6fd000,0x00007f60da7fd000) (1024K)]
  0x00007f6040287f10 JavaThread "ForkJoinPool.commonPool-worker-43" daemon [_thread_blocked, id=46695, stack(0x00007f60d9974000,0x00007f60d9a74000) (1024K)]
  0x00007f60180057c0 JavaThread "Worker-16"                         [_thread_blocked, id=47250, stack(0x00007f60da074000,0x00007f60da174000) (1024K)]
  0x00007f6040282960 JavaThread "pool-1-thread-13"                  [_thread_blocked, id=47888, stack(0x00007f60d9c74000,0x00007f60d9d74000) (1024K)]
Total: 36

Other Threads:
  0x00007f613816c070 VMThread "VM Thread"                           [id=20261, stack(0x00007f61253f7000,0x00007f61254f7000) (1024K)] _threads_hazard_ptr=0x00007f6040184050
  0x00007f6138052690 WatcherThread "VM Periodic Task Thread"        [id=20260, stack(0x00007f613cfe3000,0x00007f613d0e3000) (1024K)]
  0x00007f61380436d0 WorkerThread "GC Thread#0"                     [id=20259, stack(0x00007f613d912000,0x00007f613da12000) (1024K)]
  0x00007f60c8000f70 WorkerThread "GC Thread#1"                     [id=20290, stack(0x00007f61247f6000,0x00007f61248f6000) (1024K)]
  0x00007f60c8002de0 WorkerThread "GC Thread#2"                     [id=20291, stack(0x00007f61246f5000,0x00007f61247f5000) (1024K)]
  0x00007f60c8003880 WorkerThread "GC Thread#3"                     [id=20292, stack(0x00007f61245f4000,0x00007f61246f4000) (1024K)]
  0x00007f60c80044d0 WorkerThread "GC Thread#4"                     [id=20301, stack(0x00007f61242f3000,0x00007f61243f3000) (1024K)]
  0x00007f60c8005570 WorkerThread "GC Thread#5"                     [id=20316, stack(0x00007f60daf00000,0x00007f60db000000) (1024K)]
  0x00007f60c80060d0 WorkerThread "GC Thread#6"                     [id=20323, stack(0x00007f60dacff000,0x00007f60dadff000) (1024K)]
  0x00007f60c8004f70 WorkerThread "GC Thread#7"                     [id=20327, stack(0x00007f60da9fe000,0x00007f60daafe000) (1024K)]
Total: 10

Threads with active compile tasks:
Total: 0

VM state: synchronizing (normal execution)

VM Mutex/Monitor currently owned by a thread:  ([mutex/lock_event])
[0x00007f613f770ed8] Threads_lock - owner thread: 0x00007f613816c070
[0x00007f613f770dd8] Heap_lock - owner thread: 0x00007f606813c080

Heap address: 0x0000000080000000, size: 2048 MB, Compressed Oops mode: 32-bit

CDS archive(s) mapped at: [0x00007f60db000000-0x00007f60dbbba000-0x00007f60dbbba000), size 12296192, SharedBaseAddress: 0x00007f60db000000, ArchiveRelocationMode: 1.
Compressed class space mapped at: 0x00007f60dc000000-0x00007f611c000000, reserved size: 1073741824
Narrow klass base: 0x00007f60db000000, Narrow klass shift: 0, Narrow klass range: 0x100000000

GC Precious Log:
 CardTable entry size: 512
 CPUs: 8 total, 8 available
 Memory: 7777M
 Large Page Support: Disabled
 NUMA Support: Disabled
 Compressed Oops: Enabled (32-bit)
 Alignments: Space 512K, Generation 512K, Heap 2M
 Heap Min Capacity: 100M
 Heap Initial Capacity: 100M
 Heap Max Capacity: 2G
 Pre-touch: Disabled
 Parallel Workers: 8

Heap:
 PSYoungGen      total 5632K, used 5568K [0x00000000d5580000, 0x00000000d5e80000, 0x0000000100000000)
  eden space 3072K, 100% used [0x00000000d5580000,0x00000000d5880000,0x00000000d5880000)
  from space 2560K, 97% used [0x00000000d5c00000,0x00000000d5e70000,0x00000000d5e80000)
  to   space 3072K, 0% used [0x00000000d5880000,0x00000000d5880000,0x00000000d5b80000)
 ParOldGen       total 698880K, used 614970K [0x0000000080000000, 0x00000000aaa80000, 0x00000000d5580000)
  object space 698880K, 87% used [0x0000000080000000,0x00000000a588e830,0x00000000aaa80000)
 Metaspace       used 90471K, committed 92224K, reserved 1179648K
  class space    used 9197K, committed 10048K, reserved 1048576K

Card table byte_map: [0x00007f613da12000,0x00007f613de13000] _byte_map_base: 0x00007f613d612000

Marking Bits: (ParMarkBitMap*) 0x00007f613f7771c0
 Begin Bits: [0x00007f611c000000, 0x00007f611e000000)
 End Bits:   [0x00007f611e000000, 0x00007f6120000000)

Polling page: 0x00007f613fa2e000

Metaspace:

Usage:
  Non-class:     79.37 MB used.
      Class:      8.98 MB used.
       Both:     88.35 MB used.

Virtual space:
  Non-class space:      128.00 MB reserved,      80.25 MB ( 63%) committed,  2 nodes.
      Class space:        1.00 GB reserved,       9.81 MB ( <1%) committed,  1 nodes.
             Both:        1.12 GB reserved,      90.06 MB (  8%) committed. 

Chunk freelists:
   Non-Class:  15.17 MB
       Class:  6.17 MB
        Both:  21.33 MB

MaxMetaspaceSize: unlimited
CompressedClassSpaceSize: 1.00 GB
Initial GC threshold: 21.00 MB
Current GC threshold: 147.94 MB
CDS: on
 - commit_granule_bytes: 65536.
 - commit_granule_words: 8192.
 - virtual_space_node_default_size: 8388608.
 - enlarge_chunks_in_place: 1.
 - use_allocation_guard: 0.


Internal statistics:

num_allocs_failed_limit: 15.
num_arena_births: 1850.
num_arena_deaths: 400.
num_vsnodes_births: 3.
num_vsnodes_deaths: 0.
num_space_committed: 1441.
num_space_uncommitted: 0.
num_chunks_returned_to_freelist: 493.
num_chunks_taken_from_freelist: 6514.
num_chunk_merges: 139.
num_chunk_splits: 3770.
num_chunks_enlarged: 2036.
num_inconsistent_stats: 0.

CodeHeap 'non-profiled nmethods': size=120028Kb used=23194Kb max_used=23194Kb free=96833Kb
 bounds [0x00007f612d8c9000, 0x00007f612ef79000, 0x00007f6134e00000]
CodeHeap 'profiled nmethods': size=120028Kb used=43202Kb max_used=47901Kb free=76825Kb
 bounds [0x00007f6125e00000, 0x00007f6128cd0000, 0x00007f612d337000]
CodeHeap 'non-nmethods': size=5704Kb used=1508Kb max_used=1674Kb free=4195Kb
 bounds [0x00007f612d337000, 0x00007f612d5a7000, 0x00007f612d8c9000]
CodeCache: size=245760Kb, used=67904Kb, max_used=72769Kb, free=177853Kb
 total_blobs=18669, nmethods=17834, adapters=738, full_count=0
Compilation: enabled, stopped_count=0, restarted_count=0

Compilation events (20 events):
Event: 6536.699 Thread 0x00007f6138185df0 22136   !   3       com.google.gson.TypeAdapter::fromJsonTree (25 bytes)
Event: 6536.699 Thread 0x00007f6138185df0 nmethod 22136 0x00007f612763ac90 code [0x00007f612763ae60, 0x00007f612763b1d8]
Event: 6536.700 Thread 0x00007f6138185df0 22137       3       java.util.Collections$UnmodifiableList::equals (24 bytes)
Event: 6536.700 Thread 0x00007f6138185df0 nmethod 22137 0x00007f61265e0410 code [0x00007f61265e05c0, 0x00007f61265e0810]
Event: 6536.700 Thread 0x00007f6138185df0 22138       3       java.util.Collections$EmptySet::toArray (5 bytes)
Event: 6536.700 Thread 0x00007f6138185df0 nmethod 22138 0x00007f6127536490 code [0x00007f6127536620, 0x00007f61275367b8]
Event: 6536.752 Thread 0x00007f613817c770 22139       4       org.eclipse.jdt.internal.compiler.parser.RecoveredBlock::updatedBlock (570 bytes)
Event: 6536.769 Thread 0x00007f613817c770 nmethod 22139 0x00007f612ef6d110 code [0x00007f612ef6d320, 0x00007f612ef6de90]
Event: 6536.831 Thread 0x00007f6138185df0 22140   !   3       org.eclipse.jdt.internal.corext.dom.ScopeAnalyzer::getDeclarationsInScope (229 bytes)
Event: 6536.833 Thread 0x00007f6138185df0 nmethod 22140 0x00007f612795a310 code [0x00007f612795a6e0, 0x00007f612795c0c0]
Event: 6536.833 Thread 0x00007f6138185df0 22141       3       org.eclipse.jdt.internal.corext.dom.ScopeAnalyzer::getQualifier (239 bytes)
Event: 6536.835 Thread 0x00007f6138185df0 nmethod 22141 0x00007f6127a63510 code [0x00007f6127a63940, 0x00007f6127a652c0]
Event: 6536.835 Thread 0x00007f613817c770 22142       4       org.eclipse.jdt.internal.compiler.lookup.TypeSystem$HashedParameterizedTypes$PTBKey::swapUnresolved (143 bytes)
Event: 6536.842 Thread 0x00007f613817c770 nmethod 22142 0x00007f612ef6e610 code [0x00007f612ef6e800, 0x00007f612ef6ef50]
Event: 6536.935 Thread 0x00007f613817c770 22143       4       org.eclipse.core.runtime.SubMonitor::done (47 bytes)
Event: 6536.936 Thread 0x00007f6138185df0 22144       1       org.eclipse.jdt.internal.core.hierarchy.TypeHierarchy::getType (5 bytes)
Event: 6536.936 Thread 0x00007f6138185df0 nmethod 22144 0x00007f612ef6f410 code [0x00007f612ef6f5a0, 0x00007f612ef6f660]
Event: 6536.937 Thread 0x00007f613817c770 nmethod 22143 0x00007f612ef6f710 code [0x00007f612ef6f8a0, 0x00007f612ef6f9c0]
Event: 6536.939 Thread 0x00007f6138185df0 22145       3       java.util.concurrent.ForkJoinPool::helpJoin (442 bytes)
Event: 6536.941 Thread 0x00007f6138185df0 nmethod 22145 0x00007f612720d290 code [0x00007f612720d500, 0x00007f612720e2c8]

GC Heap History (20 events):
Event: 6536.950 GC heap before
{Heap before GC invocations=5322 (full 5):
 PSYoungGen      total 1024K, used 1007K [0x00000000d5580000, 0x00000000d5e00000, 0x0000000100000000)
  eden space 512K, 100% used [0x00000000d5580000,0x00000000d5600000,0x00000000d5600000)
  from space 512K, 96% used [0x00000000d5900000,0x00000000d597bf30,0x00000000d5980000)
  to   space 3072K, 0% used [0x00000000d5600000,0x00000000d5600000,0x00000000d5900000)
 ParOldGen       total 698880K, used 606846K [0x0000000080000000, 0x00000000aaa80000, 0x00000000d5580000)
  object space 698880K, 86% used [0x0000000080000000,0x00000000a509fb10,0x00000000aaa80000)
 Metaspace       used 90464K, committed 92224K, reserved 1179648K
  class space    used 9197K, committed 10048K, reserved 1048576K
}
Event: 6536.953 GC heap after
{Heap after GC invocations=5322 (full 5):
 PSYoungGen      total 1536K, used 544K [0x00000000d5580000, 0x00000000d5980000, 0x0000000100000000)
  eden space 512K, 0% used [0x00000000d5580000,0x00000000d5580000,0x00000000d5600000)
  from space 1024K, 53% used [0x00000000d5600000,0x00000000d5688000,0x00000000d5700000)
  to   space 1536K, 0% used [0x00000000d5800000,0x00000000d5800000,0x00000000d5980000)
 ParOldGen       total 698880K, used 607366K [0x0000000080000000, 0x00000000aaa80000, 0x00000000d5580000)
  object space 698880K, 86% used [0x0000000080000000,0x00000000a5121a40,0x00000000aaa80000)
 Metaspace       used 90464K, committed 92224K, reserved 1179648K
  class space    used 9197K, committed 10048K, reserved 1048576K
}
Event: 6536.955 GC heap before
{Heap before GC invocations=5323 (full 5):
 PSYoungGen      total 1536K, used 1056K [0x00000000d5580000, 0x00000000d5980000, 0x0000000100000000)
  eden space 512K, 100% used [0x00000000d5580000,0x00000000d5600000,0x00000000d5600000)
  from space 1024K, 53% used [0x00000000d5600000,0x00000000d5688000,0x00000000d5700000)
  to   space 1536K, 0% used [0x00000000d5800000,0x00000000d5800000,0x00000000d5980000)
 ParOldGen       total 698880K, used 607366K [0x0000000080000000, 0x00000000aaa80000, 0x00000000d5580000)
  object space 698880K, 86% used [0x0000000080000000,0x00000000a5121a40,0x00000000aaa80000)
 Metaspace       used 90464K, committed 92224K, reserved 1179648K
  class space    used 9197K, committed 10048K, reserved 1048576K
}
Event: 6536.958 GC heap after
{Heap after GC invocations=5323 (full 5):
 PSYoungGen      total 2048K, used 576K [0x00000000d5580000, 0x00000000d5900000, 0x0000000100000000)
  eden space 1024K, 0% used [0x00000000d5580000,0x00000000d5580000,0x00000000d5680000)
  from space 1024K, 56% used [0x00000000d5800000,0x00000000d5890000,0x00000000d5900000)
  to   space 1024K, 0% used [0x00000000d5700000,0x00000000d5700000,0x00000000d5800000)
 ParOldGen       total 698880K, used 607870K [0x0000000080000000, 0x00000000aaa80000, 0x00000000d5580000)
  object space 698880K, 86% used [0x0000000080000000,0x00000000a519fa40,0x00000000aaa80000)
 Metaspace       used 90464K, committed 92224K, reserved 1179648K
  class space    used 9197K, committed 10048K, reserved 1048576K
}
Event: 6536.961 GC heap before
{Heap before GC invocations=5324 (full 5):
 PSYoungGen      total 2048K, used 1600K [0x00000000d5580000, 0x00000000d5900000, 0x0000000100000000)
  eden space 1024K, 100% used [0x00000000d5580000,0x00000000d5680000,0x00000000d5680000)
  from space 1024K, 56% used [0x00000000d5800000,0x00000000d5890000,0x00000000d5900000)
  to   space 1024K, 0% used [0x00000000d5700000,0x00000000d5700000,0x00000000d5800000)
 ParOldGen       total 698880K, used 607870K [0x0000000080000000, 0x00000000aaa80000, 0x00000000d5580000)
  object space 698880K, 86% used [0x0000000080000000,0x00000000a519fa40,0x00000000aaa80000)
 Metaspace       used 90464K, committed 92224K, reserved 1179648K
  class space    used 9197K, committed 10048K, reserved 1048576K
}
Event: 6536.964 GC heap after
{Heap after GC invocations=5324 (full 5):
 PSYoungGen      total 2560K, used 1024K [0x00000000d5580000, 0x00000000d5b00000, 0x0000000100000000)
  eden space 1536K, 0% used [0x00000000d5580000,0x00000000d5580000,0x00000000d5700000)
  from space 1024K, 100% used [0x00000000d5700000,0x00000000d5800000,0x00000000d5800000)
  to   space 2048K, 0% used [0x00000000d5900000,0x00000000d5900000,0x00000000d5b00000)
 ParOldGen       total 698880K, used 608414K [0x0000000080000000, 0x00000000aaa80000, 0x00000000d5580000)
  object space 698880K, 87% used [0x0000000080000000,0x00000000a5227a40,0x00000000aaa80000)
 Metaspace       used 90464K, committed 92224K, reserved 1179648K
  class space    used 9197K, committed 10048K, reserved 1048576K
}
Event: 6536.968 GC heap before
{Heap before GC invocations=5325 (full 5):
 PSYoungGen      total 2560K, used 2560K [0x00000000d5580000, 0x00000000d5b00000, 0x0000000100000000)
  eden space 1536K, 100% used [0x00000000d5580000,0x00000000d5700000,0x00000000d5700000)
  from space 1024K, 100% used [0x00000000d5700000,0x00000000d5800000,0x00000000d5800000)
  to   space 2048K, 0% used [0x00000000d5900000,0x00000000d5900000,0x00000000d5b00000)
 ParOldGen       total 698880K, used 608414K [0x0000000080000000, 0x00000000aaa80000, 0x00000000d5580000)
  object space 698880K, 87% used [0x0000000080000000,0x00000000a5227a40,0x00000000aaa80000)
 Metaspace       used 90464K, committed 92224K, reserved 1179648K
  class space    used 9197K, committed 10048K, reserved 1048576K
}
Event: 6536.971 GC heap after
{Heap after GC invocations=5325 (full 5):
 PSYoungGen      total 3584K, used 1664K [0x00000000d5580000, 0x00000000d5b80000, 0x0000000100000000)
  eden space 1536K, 0% used [0x00000000d5580000,0x00000000d5580000,0x00000000d5700000)
  from space 2048K, 81% used [0x00000000d5900000,0x00000000d5aa0000,0x00000000d5b00000)
  to   space 2048K, 0% used [0x00000000d5700000,0x00000000d5700000,0x00000000d5900000)
 ParOldGen       total 698880K, used 609414K [0x0000000080000000, 0x00000000aaa80000, 0x00000000d5580000)
  object space 698880K, 87% used [0x0000000080000000,0x00000000a5321a40,0x00000000aaa80000)
 Metaspace       used 90464K, committed 92224K, reserved 1179648K
  class space    used 9197K, committed 10048K, reserved 1048576K
}
Event: 6536.976 GC heap before
{Heap before GC invocations=5326 (full 5):
 PSYoungGen      total 3584K, used 3200K [0x00000000d5580000, 0x00000000d5b80000, 0x0000000100000000)
  eden space 1536K, 100% used [0x00000000d5580000,0x00000000d5700000,0x00000000d5700000)
  from space 2048K, 81% used [0x00000000d5900000,0x00000000d5aa0000,0x00000000d5b00000)
  to   space 2048K, 0% used [0x00000000d5700000,0x00000000d5700000,0x00000000d5900000)
 ParOldGen       total 698880K, used 609414K [0x0000000080000000, 0x00000000aaa80000, 0x00000000d5580000)
  object space 698880K, 87% used [0x0000000080000000,0x00000000a5321a40,0x00000000aaa80000)
 Metaspace       used 90464K, committed 92224K, reserved 1179648K
  class space    used 9197K, committed 10048K, reserved 1048576K
}
Event: 6536.978 GC heap after
{Heap after GC invocations=5326 (full 5):
 PSYoungGen      total 3584K, used 672K [0x00000000d5580000, 0x00000000d5a80000, 0x0000000100000000)
  eden space 1536K, 0% used [0x00000000d5580000,0x00000000d5580000,0x00000000d5700000)
  from space 2048K, 32% used [0x00000000d5700000,0x00000000d57a8000,0x00000000d5900000)
  to   space 1536K, 0% used [0x00000000d5900000,0x00000000d5900000,0x00000000d5a80000)
 ParOldGen       total 698880K, used 610966K [0x0000000080000000, 0x00000000aaa80000, 0x00000000d5580000)
  object space 698880K, 87% used [0x0000000080000000,0x00000000a54a5a40,0x00000000aaa80000)
 Metaspace       used 90464K, committed 92224K, reserved 1179648K
  class space    used 9197K, committed 10048K, reserved 1048576K
}
Event: 6536.981 GC heap before
{Heap before GC invocations=5327 (full 5):
 PSYoungGen      total 3584K, used 2208K [0x00000000d5580000, 0x00000000d5a80000, 0x0000000100000000)
  eden space 1536K, 100% used [0x00000000d5580000,0x00000000d5700000,0x00000000d5700000)
  from space 2048K, 32% used [0x00000000d5700000,0x00000000d57a8000,0x00000000d5900000)
  to   space 1536K, 0% used [0x00000000d5900000,0x00000000d5900000,0x00000000d5a80000)
 ParOldGen       total 698880K, used 610966K [0x0000000080000000, 0x00000000aaa80000, 0x00000000d5580000)
  object space 698880K, 87% used [0x0000000080000000,0x00000000a54a5a40,0x00000000aaa80000)
 Metaspace       used 90464K, committed 92224K, reserved 1179648K
  class space    used 9197K, committed 10048K, reserved 1048576K
}
Event: 6536.983 GC heap after
{Heap after GC invocations=5327 (full 5):
 PSYoungGen      total 2560K, used 192K [0x00000000d5580000, 0x00000000d5980000, 0x0000000100000000)
  eden space 2048K, 0% used [0x00000000d5580000,0x00000000d5580000,0x00000000d5780000)
  from space 512K, 37% used [0x00000000d5900000,0x00000000d5930000,0x00000000d5980000)
  to   space 512K, 0% used [0x00000000d5880000,0x00000000d5880000,0x00000000d5900000)
 ParOldGen       total 698880K, used 611581K [0x0000000080000000, 0x00000000aaa80000, 0x00000000d5580000)
  object space 698880K, 87% used [0x0000000080000000,0x00000000a553f480,0x00000000aaa80000)
 Metaspace       used 90464K, committed 92224K, reserved 1179648K
  class space    used 9197K, committed 10048K, reserved 1048576K
}
Event: 6537.193 GC heap before
{Heap before GC invocations=5328 (full 5):
 PSYoungGen      total 2560K, used 2239K [0x00000000d5580000, 0x00000000d5980000, 0x0000000100000000)
  eden space 2048K, 99% used [0x00000000d5580000,0x00000000d577fdf8,0x00000000d5780000)
  from space 512K, 37% used [0x00000000d5900000,0x00000000d5930000,0x00000000d5980000)
  to   space 512K, 0% used [0x00000000d5880000,0x00000000d5880000,0x00000000d5900000)
 ParOldGen       total 698880K, used 611581K [0x0000000080000000, 0x00000000aaa80000, 0x00000000d5580000)
  object space 698880K, 87% used [0x0000000080000000,0x00000000a553f480,0x00000000aaa80000)
 Metaspace       used 90464K, committed 92224K, reserved 1179648K
  class space    used 9197K, committed 10048K, reserved 1048576K
}
Event: 6537.196 GC heap after
{Heap after GC invocations=5328 (full 5):
 PSYoungGen      total 3072K, used 256K [0x00000000d5580000, 0x00000000d5980000, 0x0000000100000000)
  eden space 2560K, 0% used [0x00000000d5580000,0x00000000d5580000,0x00000000d5800000)
  from space 512K, 50% used [0x00000000d5880000,0x00000000d58c0000,0x00000000d5900000)
  to   space 512K, 0% used [0x00000000d5900000,0x00000000d5900000,0x00000000d5980000)
 ParOldGen       total 698880K, used 611621K [0x0000000080000000, 0x00000000aaa80000, 0x00000000d5580000)
  object space 698880K, 87% used [0x0000000080000000,0x00000000a5549480,0x00000000aaa80000)
 Metaspace       used 90464K, committed 92224K, reserved 1179648K
  class space    used 9197K, committed 10048K, reserved 1048576K
}
Event: 6537.463 GC heap before
{Heap before GC invocations=5329 (full 5):
 PSYoungGen      total 3072K, used 2816K [0x00000000d5580000, 0x00000000d5980000, 0x0000000100000000)
  eden space 2560K, 100% used [0x00000000d5580000,0x00000000d5800000,0x00000000d5800000)
  from space 512K, 50% used [0x00000000d5880000,0x00000000d58c0000,0x00000000d5900000)
  to   space 512K, 0% used [0x00000000d5900000,0x00000000d5900000,0x00000000d5980000)
 ParOldGen       total 698880K, used 611621K [0x0000000080000000, 0x00000000aaa80000, 0x00000000d5580000)
  object space 698880K, 87% used [0x0000000080000000,0x00000000a5549480,0x00000000aaa80000)
 Metaspace       used 90464K, committed 92224K, reserved 1179648K
  class space    used 9197K, committed 10048K, reserved 1048576K
}
Event: 6537.466 GC heap after
{Heap after GC invocations=5329 (full 5):
 PSYoungGen      total 3072K, used 503K [0x00000000d5580000, 0x00000000d5a80000, 0x0000000100000000)
  eden space 2560K, 0% used [0x00000000d5580000,0x00000000d5580000,0x00000000d5800000)
  from space 512K, 98% used [0x00000000d5900000,0x00000000d597df98,0x00000000d5980000)
  to   space 1024K, 0% used [0x00000000d5800000,0x00000000d5800000,0x00000000d5900000)
 ParOldGen       total 698880K, used 612021K [0x0000000080000000, 0x00000000aaa80000, 0x00000000d5580000)
  object space 698880K, 87% used [0x0000000080000000,0x00000000a55ad418,0x00000000aaa80000)
 Metaspace       used 90464K, committed 92224K, reserved 1179648K
  class space    used 9197K, committed 10048K, reserved 1048576K
}
Event: 6537.473 GC heap before
{Heap before GC invocations=5330 (full 5):
 PSYoungGen      total 3072K, used 3063K [0x00000000d5580000, 0x00000000d5a80000, 0x0000000100000000)
  eden space 2560K, 99% used [0x00000000d5580000,0x00000000d57fff08,0x00000000d5800000)
  from space 512K, 98% used [0x00000000d5900000,0x00000000d597df98,0x00000000d5980000)
  to   space 1024K, 0% used [0x00000000d5800000,0x00000000d5800000,0x00000000d5900000)
 ParOldGen       total 698880K, used 612021K [0x0000000080000000, 0x00000000aaa80000, 0x00000000d5580000)
  object space 698880K, 87% used [0x0000000080000000,0x00000000a55ad418,0x00000000aaa80000)
 Metaspace       used 90464K, committed 92224K, reserved 1179648K
  class space    used 9197K, committed 10048K, reserved 1048576K
}
Event: 6537.477 GC heap after
{Heap after GC invocations=5330 (full 5):
 PSYoungGen      total 3584K, used 1024K [0x00000000d5580000, 0x00000000d5f80000, 0x0000000100000000)
  eden space 2560K, 0% used [0x00000000d5580000,0x00000000d5580000,0x00000000d5800000)
  from space 1024K, 100% used [0x00000000d5800000,0x00000000d5900000,0x00000000d5900000)
  to   space 3584K, 0% used [0x00000000d5c00000,0x00000000d5c00000,0x00000000d5f80000)
 ParOldGen       total 698880K, used 613914K [0x0000000080000000, 0x00000000aaa80000, 0x00000000d5580000)
  object space 698880K, 87% used [0x0000000080000000,0x00000000a5786830,0x00000000aaa80000)
 Metaspace       used 90464K, committed 92224K, reserved 1179648K
  class space    used 9197K, committed 10048K, reserved 1048576K
}
Event: 6537.484 GC heap before
{Heap before GC invocations=5331 (full 5):
 PSYoungGen      total 3584K, used 3584K [0x00000000d5580000, 0x00000000d5f80000, 0x0000000100000000)
  eden space 2560K, 100% used [0x00000000d5580000,0x00000000d5800000,0x00000000d5800000)
  from space 1024K, 100% used [0x00000000d5800000,0x00000000d5900000,0x00000000d5900000)
  to   space 3584K, 0% used [0x00000000d5c00000,0x00000000d5c00000,0x00000000d5f80000)
 ParOldGen       total 698880K, used 613914K [0x0000000080000000, 0x00000000aaa80000, 0x00000000d5580000)
  object space 698880K, 87% used [0x0000000080000000,0x00000000a5786830,0x00000000aaa80000)
 Metaspace       used 90464K, committed 92224K, reserved 1179648K
  class space    used 9197K, committed 10048K, reserved 1048576K
}
Event: 6537.488 GC heap after
{Heap after GC invocations=5331 (full 5):
 PSYoungGen      total 5632K, used 2496K [0x00000000d5580000, 0x00000000d5e80000, 0x0000000100000000)
  eden space 3072K, 0% used [0x00000000d5580000,0x00000000d5580000,0x00000000d5880000)
  from space 2560K, 97% used [0x00000000d5c00000,0x00000000d5e70000,0x00000000d5e80000)
  to   space 3072K, 0% used [0x00000000d5880000,0x00000000d5880000,0x00000000d5b80000)
 ParOldGen       total 698880K, used 614970K [0x0000000080000000, 0x00000000aaa80000, 0x00000000d5580000)
  object space 698880K, 87% used [0x0000000080000000,0x00000000a588e830,0x00000000aaa80000)
 Metaspace       used 90464K, committed 92224K, reserved 1179648K
  class space    used 9197K, committed 10048K, reserved 1048576K
}

Dll operation events (20 events):
Event: 0.078 Attempting to load shared library /home/alejandro/.antigravity/extensions/redhat.java-1.56.0-linux-x64/jre/21.0.12.1-linux-x86_64/lib/libinstrument.so
Event: 0.078 Loaded shared library /home/alejandro/.antigravity/extensions/redhat.java-1.56.0-linux-x64/jre/21.0.12.1-linux-x86_64/lib/libinstrument.so
Event: 0.080 Attempting to load shared library /home/alejandro/.antigravity/extensions/redhat.java-1.56.0-linux-x64/jre/21.0.12.1-linux-x86_64/lib/libnio.so
Event: 0.080 Loaded shared library /home/alejandro/.antigravity/extensions/redhat.java-1.56.0-linux-x64/jre/21.0.12.1-linux-x86_64/lib/libnio.so
Event: 0.081 Attempting to load shared library /home/alejandro/.antigravity/extensions/redhat.java-1.56.0-linux-x64/jre/21.0.12.1-linux-x86_64/lib/libzip.so
Event: 0.081 Loaded shared library /home/alejandro/.antigravity/extensions/redhat.java-1.56.0-linux-x64/jre/21.0.12.1-linux-x86_64/lib/libzip.so
Event: 0.098 Attempting to load shared library /home/alejandro/.antigravity/extensions/redhat.java-1.56.0-linux-x64/jre/21.0.12.1-linux-x86_64/lib/libjimage.so
Event: 0.098 Loaded shared library /home/alejandro/.antigravity/extensions/redhat.java-1.56.0-linux-x64/jre/21.0.12.1-linux-x86_64/lib/libjimage.so
Event: 0.159 Attempting to load shared library /home/alejandro/.antigravity/extensions/redhat.java-1.56.0-linux-x64/jre/21.0.12.1-linux-x86_64/lib/libverify.so
Event: 0.159 Loaded shared library /home/alejandro/.antigravity/extensions/redhat.java-1.56.0-linux-x64/jre/21.0.12.1-linux-x86_64/lib/libverify.so
Event: 0.795 Attempting to load shared library /home/alejandro/.antigravity/extensions/redhat.java-1.56.0-linux-x64/jre/21.0.12.1-linux-x86_64/lib/libnet.so
Event: 0.795 Loaded shared library /home/alejandro/.antigravity/extensions/redhat.java-1.56.0-linux-x64/jre/21.0.12.1-linux-x86_64/lib/libnet.so
Event: 1.209 Attempting to load shared library /home/alejandro/.config/Antigravity/User/globalStorage/redhat.java/1.56.0/config_linux/org.eclipse.equinox.launcher/org.eclipse.equinox.launcher.gtk.linux.x86_64_1.2.1600.v20260804-1928/eclipse_11924.so
Event: 1.210 Loaded shared library /home/alejandro/.config/Antigravity/User/globalStorage/redhat.java/1.56.0/config_linux/org.eclipse.equinox.launcher/org.eclipse.equinox.launcher.gtk.linux.x86_64_1.2.1600.v20260804-1928/eclipse_11924.so
Event: 3.979 Attempting to load shared library /home/alejandro/.antigravity/extensions/redhat.java-1.56.0-linux-x64/jre/21.0.12.1-linux-x86_64/lib/libmanagement.so
Event: 3.979 Loaded shared library /home/alejandro/.antigravity/extensions/redhat.java-1.56.0-linux-x64/jre/21.0.12.1-linux-x86_64/lib/libmanagement.so
Event: 3.980 Attempting to load shared library /home/alejandro/.antigravity/extensions/redhat.java-1.56.0-linux-x64/jre/21.0.12.1-linux-x86_64/lib/libmanagement_ext.so
Event: 3.980 Loaded shared library /home/alejandro/.antigravity/extensions/redhat.java-1.56.0-linux-x64/jre/21.0.12.1-linux-x86_64/lib/libmanagement_ext.so
Event: 5.093 Attempting to load shared library /home/alejandro/.antigravity/extensions/redhat.java-1.56.0-linux-x64/jre/21.0.12.1-linux-x86_64/lib/libextnet.so
Event: 5.093 Loaded shared library /home/alejandro/.antigravity/extensions/redhat.java-1.56.0-linux-x64/jre/21.0.12.1-linux-x86_64/lib/libextnet.so

Deoptimization events (20 events):
Event: 6534.327 Thread 0x00007f600400b450 Uncommon trap: trap_request=0xffffffde fr.pc=0x00007f612dfe6074 relative=0x0000000000000b34
Event: 6534.327 Thread 0x00007f600400b450 Uncommon trap: reason=class_check action=maybe_recompile pc=0x00007f612dfe6074 method=org.eclipse.jdt.internal.compiler.lookup.MethodScope.createMethod(Lorg/eclipse/jdt/internal/compiler/ast/AbstractMethodDeclaration;)Lorg/eclipse/jdt/internal/compiler/lo
Event: 6534.327 Thread 0x00007f600400b450 DEOPT PACKING pc=0x00007f612dfe6074 sp=0x00007f60d9b718d0
Event: 6534.327 Thread 0x00007f600400b450 DEOPT UNPACKING pc=0x00007f612d38a399 sp=0x00007f60d9b71870 mode 2
Event: 6534.551 Thread 0x00007f60280c2e30 Uncommon trap: trap_request=0xffffffde fr.pc=0x00007f612dfe6074 relative=0x0000000000000b34
Event: 6534.551 Thread 0x00007f60280c2e30 Uncommon trap: reason=class_check action=maybe_recompile pc=0x00007f612dfe6074 method=org.eclipse.jdt.internal.compiler.lookup.MethodScope.createMethod(Lorg/eclipse/jdt/internal/compiler/ast/AbstractMethodDeclaration;)Lorg/eclipse/jdt/internal/compiler/lo
Event: 6534.551 Thread 0x00007f60280c2e30 DEOPT PACKING pc=0x00007f612dfe6074 sp=0x00007f60d9971b10
Event: 6534.551 Thread 0x00007f60280c2e30 DEOPT UNPACKING pc=0x00007f612d38a399 sp=0x00007f60d9971ab0 mode 2
Event: 6534.824 Thread 0x00007f600400b450 Uncommon trap: trap_request=0xffffffde fr.pc=0x00007f612de1e56c relative=0x0000000000001aec
Event: 6534.824 Thread 0x00007f600400b450 Uncommon trap: reason=class_check action=maybe_recompile pc=0x00007f612de1e56c method=org.eclipse.jdt.internal.compiler.lookup.LocalVariableBinding.computeUniqueKey(Z)[C @ 49 c2
Event: 6534.824 Thread 0x00007f600400b450 DEOPT PACKING pc=0x00007f612de1e56c sp=0x00007f60d9b715a0
Event: 6534.824 Thread 0x00007f600400b450 DEOPT UNPACKING pc=0x00007f612d38a399 sp=0x00007f60d9b71560 mode 2
Event: 6535.005 Thread 0x00007f6040287f10 Uncommon trap: trap_request=0xffffffde fr.pc=0x00007f612de1e56c relative=0x0000000000001aec
Event: 6535.005 Thread 0x00007f6040287f10 Uncommon trap: reason=class_check action=maybe_recompile pc=0x00007f612de1e56c method=org.eclipse.jdt.internal.compiler.lookup.LocalVariableBinding.computeUniqueKey(Z)[C @ 49 c2
Event: 6535.005 Thread 0x00007f6040287f10 DEOPT PACKING pc=0x00007f612de1e56c sp=0x00007f60d9a715a0
Event: 6535.005 Thread 0x00007f6040287f10 DEOPT UNPACKING pc=0x00007f612d38a399 sp=0x00007f60d9a71560 mode 2
Event: 6535.618 Thread 0x00007f6040287f10 Uncommon trap: trap_request=0xffffffde fr.pc=0x00007f612de1e56c relative=0x0000000000001aec
Event: 6535.618 Thread 0x00007f6040287f10 Uncommon trap: reason=class_check action=maybe_recompile pc=0x00007f612de1e56c method=org.eclipse.jdt.internal.compiler.lookup.LocalVariableBinding.computeUniqueKey(Z)[C @ 49 c2
Event: 6535.618 Thread 0x00007f6040287f10 DEOPT PACKING pc=0x00007f612de1e56c sp=0x00007f60d9a715a0
Event: 6535.618 Thread 0x00007f6040287f10 DEOPT UNPACKING pc=0x00007f612d38a399 sp=0x00007f60d9a71560 mode 2

Classes loaded (20 events):
Event: 1926.693 Loading class sun/security/ssl/PreSharedKeyExtension$PskIdentity
Event: 1926.693 Loading class sun/security/ssl/PreSharedKeyExtension$PskIdentity done
Event: 1926.694 Loading class sun/security/ssl/PreSharedKeyExtension$CHPreSharedKeySpec
Event: 1926.694 Loading class sun/security/ssl/PreSharedKeyExtension$CHPreSharedKeySpec done
Event: 1926.694 Loading class sun/security/ssl/PreSharedKeyExtension$PartialClientHelloMessage
Event: 1926.694 Loading class sun/security/ssl/PreSharedKeyExtension$PartialClientHelloMessage done
Event: 1926.694 Loading class sun/security/ssl/SSLEngineOutputRecord
Event: 1926.695 Loading class sun/security/ssl/SSLEngineOutputRecord done
Event: 1926.695 Loading class sun/security/ssl/SSLEngineOutputRecord$HandshakeFragment
Event: 1926.695 Loading class sun/security/ssl/SSLEngineOutputRecord$HandshakeFragment done
Event: 1926.695 Loading class sun/security/ssl/SSLEngineOutputRecord$HandshakeMemo
Event: 1926.695 Loading class sun/security/ssl/SSLEngineOutputRecord$RecordMemo
Event: 1926.696 Loading class sun/security/ssl/SSLEngineOutputRecord$RecordMemo done
Event: 1926.696 Loading class sun/security/ssl/SSLEngineOutputRecord$HandshakeMemo done
Event: 1926.728 Loading class sun/security/ssl/PreSharedKeyExtension$SHPreSharedKeySpec
Event: 1926.728 Loading class sun/security/ssl/PreSharedKeyExtension$SHPreSharedKeySpec done
Event: 4404.674 Loading class java/util/regex/Pattern$Behind
Event: 4404.674 Loading class java/util/regex/Pattern$Behind done
Event: 4404.674 Loading class java/util/regex/Pattern$Neg
Event: 4404.674 Loading class java/util/regex/Pattern$Neg done

Classes unloaded (20 events):
Event: 6207.862 Thread 0x00007f613816c070 Unloading class 0x00007f60dc899400 'java/lang/invoke/LambdaForm$MH+0x00007f60dc899400'
Event: 6207.862 Thread 0x00007f613816c070 Unloading class 0x00007f60dc898000 'java/lang/invoke/LambdaForm$DMH+0x00007f60dc898000'
Event: 6207.862 Thread 0x00007f613816c070 Unloading class 0x00007f60dc896400 'java/lang/invoke/LambdaForm$DMH+0x00007f60dc896400'
Event: 6207.862 Thread 0x00007f613816c070 Unloading class 0x00007f60dc896000 'java/lang/invoke/LambdaForm$MH+0x00007f60dc896000'
Event: 6207.862 Thread 0x00007f613816c070 Unloading class 0x00007f60dc895c00 'java/lang/invoke/LambdaForm$MH+0x00007f60dc895c00'
Event: 6207.862 Thread 0x00007f613816c070 Unloading class 0x00007f60dc895800 'java/lang/invoke/LambdaForm$MH+0x00007f60dc895800'
Event: 6207.862 Thread 0x00007f613816c070 Unloading class 0x00007f60dc895000 'java/lang/invoke/LambdaForm$MH+0x00007f60dc895000'
Event: 6207.862 Thread 0x00007f613816c070 Unloading class 0x00007f60dc6e5000 'java/lang/invoke/LambdaForm$MH+0x00007f60dc6e5000'
Event: 6207.862 Thread 0x00007f613816c070 Unloading class 0x00007f60dc6e4800 'java/lang/invoke/LambdaForm$MH+0x00007f60dc6e4800'
Event: 6207.862 Thread 0x00007f613816c070 Unloading class 0x00007f60dc6e4400 'java/lang/invoke/LambdaForm$MH+0x00007f60dc6e4400'
Event: 6207.862 Thread 0x00007f613816c070 Unloading class 0x00007f60dc6e4000 'java/lang/invoke/LambdaForm$MH+0x00007f60dc6e4000'
Event: 6207.862 Thread 0x00007f613816c070 Unloading class 0x00007f60dc6c3c00 'java/lang/invoke/LambdaForm$MH+0x00007f60dc6c3c00'
Event: 6207.862 Thread 0x00007f613816c070 Unloading class 0x00007f60dc386c00 'java/lang/invoke/LambdaForm$MH+0x00007f60dc386c00'
Event: 6207.862 Thread 0x00007f613816c070 Unloading class 0x00007f60dc33b800 'java/lang/invoke/LambdaForm$MH+0x00007f60dc33b800'
Event: 6207.862 Thread 0x00007f613816c070 Unloading class 0x00007f60dc2d1800 'java/lang/invoke/LambdaForm$MH+0x00007f60dc2d1800'
Event: 6207.862 Thread 0x00007f613816c070 Unloading class 0x00007f60dc1ae400 'java/lang/invoke/LambdaForm$MH+0x00007f60dc1ae400'
Event: 6207.862 Thread 0x00007f613816c070 Unloading class 0x00007f60dc1ae000 'java/lang/invoke/LambdaForm$MH+0x00007f60dc1ae000'
Event: 6207.862 Thread 0x00007f613816c070 Unloading class 0x00007f60dc1ab000 'java/lang/invoke/LambdaForm$MH+0x00007f60dc1ab000'
Event: 6207.862 Thread 0x00007f613816c070 Unloading class 0x00007f60dc1a9800 'java/lang/invoke/LambdaForm$MH+0x00007f60dc1a9800'
Event: 6207.863 Thread 0x00007f613816c070 Unloading class 0x00007f60dc014800 'java/lang/invoke/LambdaForm$MH+0x00007f60dc014800'

Classes redefined (0 events):
No events

Internal exceptions (20 events):
Event: 4966.095 Thread 0x00007f61385f2610 Exception <a 'java/lang/ArrayIndexOutOfBoundsException'{0x00000000d5737588}> (0x00000000d5737588) 
thrown [src/hotspot/share/runtime/sharedRuntime.cpp, line 625]
Event: 4968.176 Thread 0x00007f600400b450 Exception <a 'java/lang/ArrayIndexOutOfBoundsException'{0x00000000d57503a0}> (0x00000000d57503a0) 
thrown [src/hotspot/share/runtime/sharedRuntime.cpp, line 625]
Event: 4969.631 Thread 0x00007f61385f2610 Exception <a 'java/lang/ArrayIndexOutOfBoundsException'{0x00000000d570ab70}> (0x00000000d570ab70) 
thrown [src/hotspot/share/runtime/sharedRuntime.cpp, line 625]
Event: 4969.635 Thread 0x00007f61385f2610 Exception <a 'java/lang/ArrayIndexOutOfBoundsException'{0x00000000d55b2100}> (0x00000000d55b2100) 
thrown [src/hotspot/share/runtime/sharedRuntime.cpp, line 625]
Event: 4969.635 Thread 0x00007f61385f2610 Exception <a 'java/lang/ArrayIndexOutOfBoundsException'{0x00000000d55b38d0}> (0x00000000d55b38d0) 
thrown [src/hotspot/share/runtime/sharedRuntime.cpp, line 625]
Event: 4969.635 Thread 0x00007f61385f2610 Exception <a 'java/lang/ArrayIndexOutOfBoundsException'{0x00000000d55b3ea8}> (0x00000000d55b3ea8) 
thrown [src/hotspot/share/runtime/sharedRuntime.cpp, line 625]
Event: 4969.741 Thread 0x00007f6018023e50 Exception <a 'java/lang/ArrayIndexOutOfBoundsException'{0x00000000d56f64e8}> (0x00000000d56f64e8) 
thrown [src/hotspot/share/runtime/sharedRuntime.cpp, line 625]
Event: 4969.950 Thread 0x00007f6018023e50 Exception <a 'java/lang/ArrayIndexOutOfBoundsException'{0x00000000d57be810}> (0x00000000d57be810) 
thrown [src/hotspot/share/runtime/sharedRuntime.cpp, line 625]
Event: 4970.264 Thread 0x00007f6018023e50 Exception <a 'java/lang/ArrayIndexOutOfBoundsException'{0x00000000d55d0e48}> (0x00000000d55d0e48) 
thrown [src/hotspot/share/runtime/sharedRuntime.cpp, line 625]
Event: 4970.735 Thread 0x00007f600400b450 Exception <a 'java/lang/ArrayIndexOutOfBoundsException'{0x00000000d56d6150}> (0x00000000d56d6150) 
thrown [src/hotspot/share/runtime/sharedRuntime.cpp, line 625]
Event: 6159.198 Thread 0x00007f60683aeac0 Implicit null exception at 0x00007f612e010e55 to 0x00007f612e010f30
Event: 6171.286 Thread 0x00007f60683aeac0 Exception <a 'java/lang/NoSuchMethodError'{0x00000000d57b3108}: 'int java.lang.invoke.DirectMethodHandle$Holder.invokeVirtual(java.lang.Object, java.lang.Object, java.lang.Object, int)'> (0x00000000d57b3108) 
thrown [src/hotspot/share/interpreter/linkResolver.cpp, line 772]
Event: 6277.265 Thread 0x00007f604029c430 Implicit null exception at 0x00007f612ed94191 to 0x00007f612ed9439c
Event: 6316.281 Thread 0x00007f61385f2610 Implicit null exception at 0x00007f612e354dc8 to 0x00007f612e35b81c
Event: 6318.204 Thread 0x00007f600400b450 Implicit null exception at 0x00007f612e2097db to 0x00007f612e20a950
Event: 6318.211 Thread 0x00007f600400b450 Exception <a 'java/lang/NoSuchMethodError'{0x00000000d57e0b70}: 'void java.lang.invoke.DirectMethodHandle$Holder.invokeVirtual(java.lang.Object, java.lang.Object, java.lang.Object, java.lang.Object, java.lang.Object)'> (0x00000000d57e0b70) 
thrown [src/hotspot/share/interpreter/linkResolver.cpp, line 772]
Event: 6382.946 Thread 0x00007f606813c080 Implicit null exception at 0x00007f612ec115ac to 0x00007f612ec12405
Event: 6416.464 Thread 0x00007f61385f2610 Implicit null exception at 0x00007f612e3d3230 to 0x00007f612e3d9338
Event: 6467.362 Thread 0x00007f6040287f10 Implicit null exception at 0x00007f612ee6e5a4 to 0x00007f612ee6e6d6
Event: 6537.491 Thread 0x00007f6040139220 Implicit null exception at 0x00007f612e52d2eb to 0x0000000000000000

ZGC Phase Switch (0 events):
No events

VM Operations (20 events):
Event: 6536.950 Executing safepoint VM operation: ParallelGCFailedAllocation (Allocation Failure)
Event: 6536.953 Executing safepoint VM operation: ParallelGCFailedAllocation (Allocation Failure) done
Event: 6536.955 Executing safepoint VM operation: ParallelGCFailedAllocation (Allocation Failure)
Event: 6536.958 Executing safepoint VM operation: ParallelGCFailedAllocation (Allocation Failure) done
Event: 6536.961 Executing safepoint VM operation: ParallelGCFailedAllocation (Allocation Failure)
Event: 6536.964 Executing safepoint VM operation: ParallelGCFailedAllocation (Allocation Failure) done
Event: 6536.968 Executing safepoint VM operation: ParallelGCFailedAllocation (Allocation Failure)
Event: 6536.971 Executing safepoint VM operation: ParallelGCFailedAllocation (Allocation Failure) done
Event: 6536.976 Executing safepoint VM operation: ParallelGCFailedAllocation (Allocation Failure)
Event: 6536.978 Executing safepoint VM operation: ParallelGCFailedAllocation (Allocation Failure) done
Event: 6536.981 Executing safepoint VM operation: ParallelGCFailedAllocation (Allocation Failure)
Event: 6536.983 Executing safepoint VM operation: ParallelGCFailedAllocation (Allocation Failure) done
Event: 6537.193 Executing safepoint VM operation: ParallelGCFailedAllocation (Allocation Failure)
Event: 6537.196 Executing safepoint VM operation: ParallelGCFailedAllocation (Allocation Failure) done
Event: 6537.463 Executing safepoint VM operation: ParallelGCFailedAllocation (Allocation Failure)
Event: 6537.466 Executing safepoint VM operation: ParallelGCFailedAllocation (Allocation Failure) done
Event: 6537.473 Executing safepoint VM operation: ParallelGCFailedAllocation (Allocation Failure)
Event: 6537.477 Executing safepoint VM operation: ParallelGCFailedAllocation (Allocation Failure) done
Event: 6537.484 Executing safepoint VM operation: ParallelGCFailedAllocation (Allocation Failure)
Event: 6537.488 Executing safepoint VM operation: ParallelGCFailedAllocation (Allocation Failure) done

Memory protections (20 events):
Event: 5993.239 Protecting memory [0x00007f61248f6000,0x00007f61248fa000] with protection modes 0
Event: 6061.504 Protecting memory [0x00007f61248f6000,0x00007f61248fa000] with protection modes 0
Event: 6066.045 Protecting memory [0x00007f60d9774000,0x00007f60d9778000] with protection modes 0
Event: 6066.479 Protecting memory [0x00007f60d9874000,0x00007f60d9878000] with protection modes 0
Event: 6084.548 Protecting memory [0x00007f60d9a74000,0x00007f60d9a78000] with protection modes 0
Event: 6115.890 Protecting memory [0x00007f60d9b74000,0x00007f60d9b78000] with protection modes 0
Event: 6115.891 Protecting memory [0x00007f60daafe000,0x00007f60dab02000] with protection modes 0
Event: 6138.799 Protecting memory [0x00007f60da074000,0x00007f60da078000] with protection modes 0
Event: 6148.873 Protecting memory [0x00007f60da074000,0x00007f60da078000] with protection modes 0
Event: 6149.137 Protecting memory [0x00007f60da8fd000,0x00007f60da901000] with protection modes 0
Event: 6149.176 Protecting memory [0x00007f60da8fd000,0x00007f60da901000] with protection modes 0
Event: 6149.180 Protecting memory [0x00007f60d9d74000,0x00007f60d9d78000] with protection modes 0
Event: 6149.180 Protecting memory [0x00007f60da174000,0x00007f60da178000] with protection modes 0
Event: 6149.180 Protecting memory [0x00007f60da6fd000,0x00007f60da701000] with protection modes 0
Event: 6179.941 Protecting memory [0x00007f60da8fd000,0x00007f60da901000] with protection modes 0
Event: 6180.141 Protecting memory [0x00007f60da8fd000,0x00007f60da901000] with protection modes 0
Event: 6180.146 Protecting memory [0x00007f60d9974000,0x00007f60d9978000] with protection modes 0
Event: 6312.086 Protecting memory [0x00007f60d9c74000,0x00007f60d9c78000] with protection modes 0
Event: 6317.365 Protecting memory [0x00007f60da074000,0x00007f60da078000] with protection modes 0
Event: 6489.178 Protecting memory [0x00007f60d9c74000,0x00007f60d9c78000] with protection modes 0

Nmethod flushes (20 events):
Event: 6207.917 Thread 0x00007f613816c070 flushing  nmethod 0x00007f6127b34710
Event: 6207.917 Thread 0x00007f613816c070 flushing  nmethod 0x00007f6127b4ec90
Event: 6207.917 Thread 0x00007f613816c070 flushing  nmethod 0x00007f6127b72490
Event: 6207.917 Thread 0x00007f613816c070 flushing  nmethod 0x00007f6127ba4010
Event: 6207.917 Thread 0x00007f613816c070 flushing  nmethod 0x00007f6127ba4e90
Event: 6207.917 Thread 0x00007f613816c070 flushing  nmethod 0x00007f6127baac10
Event: 6207.917 Thread 0x00007f613816c070 flushing  nmethod 0x00007f6127bad290
Event: 6207.917 Thread 0x00007f613816c070 flushing  nmethod 0x00007f6127badb90
Event: 6207.917 Thread 0x00007f613816c070 flushing  nmethod 0x00007f6127bbdb10
Event: 6207.917 Thread 0x00007f613816c070 flushing  nmethod 0x00007f6127bcf690
Event: 6207.917 Thread 0x00007f613816c070 flushing  nmethod 0x00007f6127bf3410
Event: 6207.917 Thread 0x00007f613816c070 flushing  nmethod 0x00007f6127bff890
Event: 6207.917 Thread 0x00007f613816c070 flushing  nmethod 0x00007f6127c03b90
Event: 6207.917 Thread 0x00007f613816c070 flushing  nmethod 0x00007f6127c4b990
Event: 6207.917 Thread 0x00007f613816c070 flushing osr nmethod 0x00007f6127c5b010
Event: 6207.917 Thread 0x00007f613816c070 flushing osr nmethod 0x00007f6127ceaf90
Event: 6207.917 Thread 0x00007f613816c070 flushing  nmethod 0x00007f6127d25110
Event: 6207.917 Thread 0x00007f613816c070 flushing  nmethod 0x00007f6127dffb10
Event: 6207.917 Thread 0x00007f613816c070 flushing  nmethod 0x00007f6127e22890
Event: 6207.917 Thread 0x00007f613816c070 flushing  nmethod 0x00007f6127e62590

Events (20 events):
Event: 6139.167 Thread 0x00007f60a9678d80 Thread exited: 0x00007f60a9678d80
Event: 6148.873 Thread 0x00007f61385f2610 Thread added: 0x00007f604005d930
Event: 6149.137 Thread 0x00007f604005d930 Thread added: 0x00007f603845aeb0
Event: 6149.138 Thread 0x00007f603845aeb0 Thread exited: 0x00007f603845aeb0
Event: 6149.176 Thread 0x00007f604005d930 Thread added: 0x00007f603845aeb0
Event: 6149.180 Thread 0x00007f61385f2610 Thread added: 0x00007f604029c430
Event: 6149.180 Thread 0x00007f604013efb0 Thread added: 0x00007f606813c080
Event: 6149.180 Thread 0x00007f604029c430 Thread added: 0x00007f6024019aa0
Event: 6164.186 Thread 0x00007f603845aeb0 Thread exited: 0x00007f603845aeb0
Event: 6179.941 Thread 0x00007f604005d930 Thread added: 0x00007f6038017dd0
Event: 6179.941 Thread 0x00007f6038017dd0 Thread exited: 0x00007f6038017dd0
Event: 6180.141 Thread 0x00007f604005d930 Thread added: 0x00007f6038017dd0
Event: 6180.146 Thread 0x00007f61385f2610 Thread added: 0x00007f6040287f10
Event: 6195.144 Thread 0x00007f6038017dd0 Thread exited: 0x00007f6038017dd0
Event: 6287.215 Thread 0x00007f604005d930 Thread exited: 0x00007f604005d930
Event: 6306.199 Thread 0x00007f601c029ee0 Thread exited: 0x00007f601c029ee0
Event: 6312.086 Thread 0x00007f61385f2610 Thread added: 0x00007f604005d930
Event: 6317.365 Thread 0x00007f60280c2e30 Thread added: 0x00007f60180057c0
Event: 6476.480 Thread 0x00007f604005d930 Thread exited: 0x00007f604005d930
Event: 6489.178 Thread 0x00007f61385f2610 Thread added: 0x00007f6040282960


Dynamic libraries:
80000000-aaa80000 rw-p 00000000 00:00 0 
aaa80000-d5580000 ---p 00000000 00:00 0 
d5580000-d5e80000 rw-p 00000000 00:00 0 
d5e80000-100000000 ---p 00000000 00:00 0 
55f837914000-55f837915000 r-xp 00000000 00:23 181686                     /home/alejandro/.antigravity/extensions/redhat.java-1.56.0-linux-x64/jre/21.0.12.1-linux-x86_64/bin/java
55f837916000-55f837917000 r--p 00001000 00:23 181686                     /home/alejandro/.antigravity/extensions/redhat.java-1.56.0-linux-x64/jre/21.0.12.1-linux-x86_64/bin/java
55f837917000-55f837918000 rw-p 00002000 00:23 181686                     /home/alejandro/.antigravity/extensions/redhat.java-1.56.0-linux-x64/jre/21.0.12.1-linux-x86_64/bin/java
55f83b215000-55f83b262000 rw-p 00000000 00:00 0                          [heap]
7f5ff0000000-7f5ff1f44000 rw-p 00000000 00:00 0 
7f5ff1f44000-7f5ff4000000 ---p 00000000 00:00 0 
7f5ff8000000-7f5ff8180000 rw-p 00000000 00:00 0 
7f5ff8180000-7f5ff8200000 rw-p 00000000 00:00 0 
7f5ff8200000-7f5ff8900000 rw-p 00000000 00:00 0 
7f5ff8900000-7f5ff8960000 rw-p 00000000 00:00 0 
7f5ff8960000-7f5ff8a00000 ---p 00000000 00:00 0 
7f5ff8a00000-7f5ff90e0000 rw-p 00000000 00:00 0 
7f5ff90e0000-7f5ffc000000 ---p 00000000 00:00 0 
7f5ffc000000-7f5ffd51b000 rw-p 00000000 00:00 0 
7f5ffd51b000-7f6000000000 ---p 00000000 00:00 0 
7f6000000000-7f6000021000 rw-p 00000000 00:00 0 
7f6000021000-7f6004000000 ---p 00000000 00:00 0 
7f6004000000-7f6004f49000 rw-p 00000000 00:00 0 
7f6004f49000-7f6008000000 ---p 00000000 00:00 0 
7f600b400000-7f6013f3c000 r--s 00000000 00:23 429331                     /usr/lib/jvm/java-25-openjdk/lib/modules
7f6014000000-7f601526f000 rw-p 00000000 00:00 0 
7f601526f000-7f6018000000 ---p 00000000 00:00 0 
7f6018000000-7f601804a000 rw-p 00000000 00:00 0 
7f601804a000-7f601c000000 ---p 00000000 00:00 0 
7f601c000000-7f601c6c7000 rw-p 00000000 00:00 0 
7f601c6c7000-7f6020000000 ---p 00000000 00:00 0 
7f6020000000-7f602011b000 rw-p 00000000 00:00 0 
7f602011b000-7f6024000000 ---p 00000000 00:00 0 
7f6024000000-7f6024088000 rw-p 00000000 00:00 0 
7f6024088000-7f6028000000 ---p 00000000 00:00 0 
7f6028000000-7f6028738000 rw-p 00000000 00:00 0 
7f6028738000-7f602c000000 ---p 00000000 00:00 0 
7f602c000000-7f602c095000 rw-p 00000000 00:00 0 
7f602c095000-7f6030000000 ---p 00000000 00:00 0 
7f6030000000-7f603115a000 rw-p 00000000 00:00 0 
7f603115a000-7f6034000000 ---p 00000000 00:00 0 
7f6034000000-7f6034352000 rw-p 00000000 00:00 0 
7f6034352000-7f6038000000 ---p 00000000 00:00 0 
7f6038000000-7f6038f32000 rw-p 00000000 00:00 0 
7f6038f32000-7f603c000000 ---p 00000000 00:00 0 
7f603c000000-7f603c021000 rw-p 00000000 00:00 0 
7f603c021000-7f6040000000 ---p 00000000 00:00 0 
7f6040000000-7f6040383000 rw-p 00000000 00:00 0 
7f6040383000-7f6044000000 ---p 00000000 00:00 0 
7f6044000000-7f6045283000 rw-p 00000000 00:00 0 
7f6045283000-7f6048000000 ---p 00000000 00:00 0 
7f6048000000-7f6048021000 rw-p 00000000 00:00 0 
7f6048021000-7f604c000000 ---p 00000000 00:00 0 
7f604c000000-7f604c12a000 rw-p 00000000 00:00 0 
7f604c12a000-7f6050000000 ---p 00000000 00:00 0 
7f6050000000-7f60501db000 rw-p 00000000 00:00 0 
7f60501db000-7f6054000000 ---p 00000000 00:00 0 
7f6054000000-7f6054021000 rw-p 00000000 00:00 0 
7f6054021000-7f6058000000 ---p 00000000 00:00 0 
7f6058000000-7f60581d9000 rw-p 00000000 00:00 0 
7f60581d9000-7f605c000000 ---p 00000000 00:00 0 
7f605c000000-7f605c021000 rw-p 00000000 00:00 0 
7f605c021000-7f6060000000 ---p 00000000 00:00 0 
7f6060000000-7f6060260000 rw-p 00000000 00:00 0 
7f6060260000-7f6064000000 ---p 00000000 00:00 0 
7f6064000000-7f6064021000 rw-p 00000000 00:00 0 
7f6064021000-7f6068000000 ---p 00000000 00:00 0 
7f6068000000-7f6069116000 rw-p 00000000 00:00 0 
7f6069116000-7f606c000000 ---p 00000000 00:00 0 
7f606c000000-7f606cb42000 rw-p 00000000 00:00 0 
7f606cb42000-7f6070000000 ---p 00000000 00:00 0 
7f6070000000-7f6070021000 rw-p 00000000 00:00 0 
7f6070021000-7f6074000000 ---p 00000000 00:00 0 
7f6074000000-7f6074021000 rw-p 00000000 00:00 0 
7f6074021000-7f6078000000 ---p 00000000 00:00 0 
7f6078000000-7f6078021000 rw-p 00000000 00:00 0 
7f6078021000-7f607c000000 ---p 00000000 00:00 0 
7f607c000000-7f607c02a000 rw-p 00000000 00:00 0 
7f607c02a000-7f6080000000 ---p 00000000 00:00 0 
7f6080000000-7f6080030000 rw-p 00000000 00:00 0 
7f6080030000-7f6084000000 ---p 00000000 00:00 0 
7f6084000000-7f6084021000 rw-p 00000000 00:00 0 
7f6084021000-7f6088000000 ---p 00000000 00:00 0 
7f6088000000-7f6088021000 rw-p 00000000 00:00 0 
7f6088021000-7f608c000000 ---p 00000000 00:00 0 
7f608c000000-7f608c1c5000 rw-p 00000000 00:00 0 
7f608c1c5000-7f6090000000 ---p 00000000 00:00 0 
7f6090000000-7f6090021000 rw-p 00000000 00:00 0 
7f6090021000-7f6094000000 ---p 00000000 00:00 0 
7f6094000000-7f6094021000 rw-p 00000000 00:00 0 
7f6094021000-7f6098000000 ---p 00000000 00:00 0 
7f6098000000-7f6098021000 rw-p 00000000 00:00 0 
7f6098021000-7f609c000000 ---p 00000000 00:00 0 
7f609c000000-7f609cd5d000 rw-p 00000000 00:00 0 
7f609cd5d000-7f60a0000000 ---p 00000000 00:00 0 
7f60a0000000-7f60a04c3000 rw-p 00000000 00:00 0 
7f60a04c3000-7f60a4000000 ---p 00000000 00:00 0 
7f60a4000000-7f60a4021000 rw-p 00000000 00:00 0 
7f60a4021000-7f60a8000000 ---p 00000000 00:00 0 
7f60a8000000-7f60abffc000 rw-p 00000000 00:00 0 
7f60abffc000-7f60ac000000 ---p 00000000 00:00 0 
7f60ac000000-7f60ac021000 rw-p 00000000 00:00 0 
7f60ac021000-7f60b0000000 ---p 00000000 00:00 0 
7f60b0000000-7f60b0021000 rw-p 00000000 00:00 0 
7f60b0021000-7f60b4000000 ---p 00000000 00:00 0 
7f60b4000000-7f60b4021000 rw-p 00000000 00:00 0 
7f60b4021000-7f60b8000000 ---p 00000000 00:00 0 
7f60ba000000-7f60c7e92000 r--p 00000000 00:23 178955                     /usr/lib/locale/locale-archive
7f60c8000000-7f60c8021000 rw-p 00000000 00:00 0 
7f60c8021000-7f60cc000000 ---p 00000000 00:00 0 
7f60cc000000-7f60cc021000 rw-p 00000000 00:00 0 
7f60cc021000-7f60d0000000 ---p 00000000 00:00 0 
7f60d0000000-7f60d0400000 rw-p 00000000 00:00 0 
7f60d0400000-7f60d07c0000 rw-p 00000000 00:00 0 
7f60d07c0000-7f60d0800000 rw-p 00000000 00:00 0 
7f60d0800000-7f60d0900000 rw-p 00000000 00:00 0 
7f60d0900000-7f60d0b00000 rw-p 00000000 00:00 0 
7f60d0b00000-7f60d0c00000 rw-p 00000000 00:00 0 
7f60d0c00000-7f60d1180000 rw-p 00000000 00:00 0 
7f60d1180000-7f60d1200000 rw-p 00000000 00:00 0 
7f60d1200000-7f60d1900000 rw-p 00000000 00:00 0 
7f60d1900000-7f60d1b00000 rw-p 00000000 00:00 0 
7f60d1b00000-7f60d1c00000 rw-p 00000000 00:00 0 
7f60d1c00000-7f60d1d00000 rw-p 00000000 00:00 0 
7f60d1d00000-7f60d1e00000 rw-p 00000000 00:00 0 
7f60d1e00000-7f60d1f00000 rw-p 00000000 00:00 0 
7f60d1f00000-7f60d2000000 rw-p 00000000 00:00 0 
7f60d2000000-7f60d2300000 rw-p 00000000 00:00 0 
7f60d2300000-7f60d2600000 rw-p 00000000 00:00 0 
7f60d2600000-7f60d29c0000 rw-p 00000000 00:00 0 
7f60d29c0000-7f60d2a00000 rw-p 00000000 00:00 0 
7f60d2a00000-7f60d2d00000 rw-p 00000000 00:00 0 
7f60d2d00000-7f60d3780000 rw-p 00000000 00:00 0 
7f60d3780000-7f60d3800000 rw-p 00000000 00:00 0 
7f60d3800000-7f60d4000000 rw-p 00000000 00:00 0 
7f60d4000000-7f60d4021000 rw-p 00000000 00:00 0 
7f60d4021000-7f60d8000000 ---p 00000000 00:00 0 
7f60d9574000-7f60d9578000 ---p 00000000 00:00 0 
7f60d9578000-7f60d9674000 rw-p 00000000 00:00 0 
7f60d9674000-7f60d9678000 ---p 00000000 00:00 0 
7f60d9678000-7f60d9774000 rw-p 00000000 00:00 0 
7f60d9774000-7f60d9778000 ---p 00000000 00:00 0 
7f60d9778000-7f60d9874000 rw-p 00000000 00:00 0 
7f60d9874000-7f60d9878000 ---p 00000000 00:00 0 
7f60d9878000-7f60d9974000 rw-p 00000000 00:00 0 
7f60d9974000-7f60d9978000 ---p 00000000 00:00 0 
7f60d9978000-7f60d9a74000 rw-p 00000000 00:00 0 
7f60d9a74000-7f60d9a78000 ---p 00000000 00:00 0 
7f60d9a78000-7f60d9b74000 rw-p 00000000 00:00 0 
7f60d9b74000-7f60d9b78000 ---p 00000000 00:00 0 
7f60d9b78000-7f60d9c74000 rw-p 00000000 00:00 0 
7f60d9c74000-7f60d9c78000 ---p 00000000 00:00 0 
7f60d9c78000-7f60d9d74000 rw-p 00000000 00:00 0 
7f60d9d74000-7f60d9d78000 ---p 00000000 00:00 0 
7f60d9d78000-7f60d9e74000 rw-p 00000000 00:00 0 
7f60d9e74000-7f60d9e78000 ---p 00000000 00:00 0 
7f60d9e78000-7f60d9f74000 rw-p 00000000 00:00 0 
7f60d9f74000-7f60d9f78000 ---p 00000000 00:00 0 
7f60d9f78000-7f60da074000 rw-p 00000000 00:00 0 
7f60da074000-7f60da078000 ---p 00000000 00:00 0 
7f60da078000-7f60da174000 rw-p 00000000 00:00 0 
7f60da174000-7f60da178000 ---p 00000000 00:00 0 
7f60da178000-7f60da274000 rw-p 00000000 00:00 0 
7f60da274000-7f60da278000 ---p 00000000 00:00 0 
7f60da278000-7f60da374000 rw-p 00000000 00:00 0 
7f60da374000-7f60da378000 ---p 00000000 00:00 0 
7f60da378000-7f60da474000 rw-p 00000000 00:00 0 
7f60da474000-7f60da478000 ---p 00000000 00:00 0 
7f60da478000-7f60da574000 rw-p 00000000 00:00 0 
7f60da5fd000-7f60da601000 ---p 00000000 00:00 0 
7f60da601000-7f60da6fd000 rw-p 00000000 00:00 0 
7f60da6fd000-7f60da701000 ---p 00000000 00:00 0 
7f60da701000-7f60da7fd000 rw-p 00000000 00:00 0 
7f60da7fd000-7f60da801000 ---p 00000000 00:00 0 
7f60da801000-7f60da8fd000 rw-p 00000000 00:00 0 
7f60da8fd000-7f60da901000 ---p 00000000 00:00 0 
7f60da901000-7f60daafe000 rw-p 00000000 00:00 0 
7f60daafe000-7f60dab02000 ---p 00000000 00:00 0 
7f60dab02000-7f60dabfe000 rw-p 00000000 00:00 0 
7f60dabfe000-7f60dac02000 ---p 00000000 00:00 0 
7f60dac02000-7f60dadff000 rw-p 00000000 00:00 0 
7f60dadff000-7f60dae03000 ---p 00000000 00:00 0 
7f60dae03000-7f60db000000 rw-p 00000000 00:00 0 
7f60db000000-7f60dbbba000 rw-p 00001000 00:23 181720                     /home/alejandro/.antigravity/extensions/redhat.java-1.56.0-linux-x64/jre/21.0.12.1-linux-x86_64/lib/server/classes.jsa
7f60dbbba000-7f60dc000000 ---p 00000000 00:00 0 
7f60dc000000-7f60dc040000 rw-p 00000000 00:00 0 
7f60dc040000-7f60dc0c0000 rw-p 00000000 00:00 0 
7f60dc0c0000-7f60dc100000 rw-p 00000000 00:00 0 
7f60dc100000-7f60dc200000 rw-p 00000000 00:00 0 
7f60dc200000-7f60dc380000 rw-p 00000000 00:00 0 
7f60dc380000-7f60dc460000 rw-p 00000000 00:00 0 
7f60dc460000-7f60dc500000 rw-p 00000000 00:00 0 
7f60dc500000-7f60dc670000 rw-p 00000000 00:00 0 
7f60dc670000-7f60dc680000 ---p 00000000 00:00 0 
7f60dc680000-7f60dc9e0000 rw-p 00000000 00:00 0 
7f60dc9e0000-7f611c000000 ---p 00000000 00:00 0 
7f611c000000-7f6120021000 rw-p 00000000 00:00 0 
7f6120021000-7f6124000000 ---p 00000000 00:00 0 
7f61240f2000-7f61240f6000 ---p 00000000 00:00 0 
7f61240f6000-7f61241f2000 rw-p 00000000 00:00 0 
7f61241f2000-7f61241f6000 ---p 00000000 00:00 0 
7f61241f6000-7f61243f3000 rw-p 00000000 00:00 0 
7f61243f3000-7f61243f7000 ---p 00000000 00:00 0 
7f61243f7000-7f61244f3000 rw-p 00000000 00:00 0 
7f61244f3000-7f61244f7000 ---p 00000000 00:00 0 
7f61244f7000-7f61248f6000 rw-p 00000000 00:00 0 
7f61248f6000-7f61248fa000 ---p 00000000 00:00 0 
7f61248fa000-7f61249f6000 rw-p 00000000 00:00 0 
7f61249f6000-7f61249fa000 ---p 00000000 00:00 0 
7f61249fa000-7f6124af6000 rw-p 00000000 00:00 0 
7f6124af6000-7f6124afa000 ---p 00000000 00:00 0 
7f6124afa000-7f6124bf6000 rw-p 00000000 00:00 0 
7f6124bf6000-7f6124bfa000 ---p 00000000 00:00 0 
7f6124bfa000-7f6124cf6000 rw-p 00000000 00:00 0 
7f6124cf6000-7f6124cfa000 ---p 00000000 00:00 0 
7f6124cfa000-7f6124df6000 rw-p 00000000 00:00 0 
7f6124df6000-7f6124dfa000 ---p 00000000 00:00 0 
7f6124dfa000-7f6124ef6000 rw-p 00000000 00:00 0 
7f6124ef6000-7f6124efa000 ---p 00000000 00:00 0 
7f6124efa000-7f6124ff6000 rw-p 00000000 00:00 0 
7f6124ff6000-7f6124ffa000 ---p 00000000 00:00 0 
7f6124ffa000-7f61250f6000 rw-p 00000000 00:00 0 
7f61250f6000-7f61250fa000 ---p 00000000 00:00 0 
7f61250fa000-7f61251f6000 rw-p 00000000 00:00 0 
7f61251f6000-7f61251fa000 ---p 00000000 00:00 0 
7f61251fa000-7f61252f6000 rw-p 00000000 00:00 0 
7f61252f6000-7f61252fa000 ---p 00000000 00:00 0 
7f61252fa000-7f61254f7000 rw-p 00000000 00:00 0 
7f61254f7000-7f6125e00000 rw-p 00000000 00:00 0 
7f6125e00000-7f6128cd0000 rwxp 00000000 00:00 0 
7f6128cd0000-7f612d337000 ---p 00000000 00:00 0 
7f612d337000-7f612d5a7000 rwxp 00000000 00:00 0 
7f612d5a7000-7f612d8c9000 ---p 00000000 00:00 0 
7f612d8c9000-7f612ef79000 rwxp 00000000 00:00 0 
7f612ef79000-7f6134e00000 ---p 00000000 00:00 0 
7f6134e00000-7f6137fe2000 r--s 00000000 00:23 181607                     /home/alejandro/.antigravity/extensions/redhat.java-1.56.0-linux-x64/jre/21.0.12.1-linux-x86_64/lib/modules
7f6138000000-7f61385ff000 rw-p 00000000 00:00 0 
7f61385ff000-7f613c000000 ---p 00000000 00:00 0 
7f613c008000-7f613c02d000 r-xp 00000000 00:23 178977                     /usr/lib64/libnss_resolve.so.2
7f613c02d000-7f613c03b000 r--p 00025000 00:23 178977                     /usr/lib64/libnss_resolve.so.2
7f613c03b000-7f613c03e000 r--p 00032000 00:23 178977                     /usr/lib64/libnss_resolve.so.2
7f613c03e000-7f613c03f000 rw-p 00035000 00:23 178977                     /usr/lib64/libnss_resolve.so.2
7f613c03f000-7f613c063000 r-xp 00000000 00:23 395982                     /usr/lib64/libgcc_s-16-20260819.so.1
7f613c063000-7f613c06a000 r--p 00024000 00:23 395982                     /usr/lib64/libgcc_s-16-20260819.so.1
7f613c06a000-7f613c06b000 r--p 0002b000 00:23 395982                     /usr/lib64/libgcc_s-16-20260819.so.1
7f613c06b000-7f613c06c000 rw-p 00000000 00:00 0 
7f613c06c000-7f613c086000 r-xp 00000000 00:23 178976                     /usr/lib64/libnss_myhostname.so.2
7f613c086000-7f613c098000 r--p 0001a000 00:23 178976                     /usr/lib64/libnss_myhostname.so.2
7f613c098000-7f613c09d000 r--p 0002c000 00:23 178976                     /usr/lib64/libnss_myhostname.so.2
7f613c09d000-7f613c09e000 rw-p 00031000 00:23 178976                     /usr/lib64/libnss_myhostname.so.2
7f613c0a6000-7f613c0ad000 r--s 00000000 00:23 301823                     /usr/lib64/gconv/gconv-modules.cache
7f613c0ad000-7f613c0af000 r-xp 00000000 00:23 181639                     /home/alejandro/.antigravity/extensions/redhat.java-1.56.0-linux-x64/jre/21.0.12.1-linux-x86_64/lib/libextnet.so
7f613c0af000-7f613c0b0000 r--p 00001000 00:23 181639                     /home/alejandro/.antigravity/extensions/redhat.java-1.56.0-linux-x64/jre/21.0.12.1-linux-x86_64/lib/libextnet.so
7f613c0b0000-7f613c0b1000 rw-p 00002000 00:23 181639                     /home/alejandro/.antigravity/extensions/redhat.java-1.56.0-linux-x64/jre/21.0.12.1-linux-x86_64/lib/libextnet.so
7f613c0b1000-7f613c0b7000 r-xp 00000000 00:23 181619                     /home/alejandro/.antigravity/extensions/redhat.java-1.56.0-linux-x64/jre/21.0.12.1-linux-x86_64/lib/libmanagement_ext.so
7f613c0b7000-7f613c0b8000 r--p 00005000 00:23 181619                     /home/alejandro/.antigravity/extensions/redhat.java-1.56.0-linux-x64/jre/21.0.12.1-linux-x86_64/lib/libmanagement_ext.so
7f613c0b8000-7f613c0b9000 rw-p 00006000 00:23 181619                     /home/alejandro/.antigravity/extensions/redhat.java-1.56.0-linux-x64/jre/21.0.12.1-linux-x86_64/lib/libmanagement_ext.so
7f613c0b9000-7f613c0bd000 r-xp 00000000 00:23 181621                     /home/alejandro/.antigravity/extensions/redhat.java-1.56.0-linux-x64/jre/21.0.12.1-linux-x86_64/lib/libmanagement.so
7f613c0bd000-7f613c0be000 r--p 00003000 00:23 181621                     /home/alejandro/.antigravity/extensions/redhat.java-1.56.0-linux-x64/jre/21.0.12.1-linux-x86_64/lib/libmanagement.so
7f613c0be000-7f613c0bf000 rw-p 00004000 00:23 181621                     /home/alejandro/.antigravity/extensions/redhat.java-1.56.0-linux-x64/jre/21.0.12.1-linux-x86_64/lib/libmanagement.so
7f613c0bf000-7f613c0c3000 r--p 00000000 00:23 193526                     /home/alejandro/.config/Antigravity/User/globalStorage/redhat.java/1.56.0/config_linux/org.eclipse.equinox.launcher/org.eclipse.equinox.launcher.gtk.linux.x86_64_1.2.1600.v20260804-1928/eclipse_11924.so
7f613c0c3000-7f613c0cd000 r-xp 00004000 00:23 193526                     /home/alejandro/.config/Antigravity/User/globalStorage/redhat.java/1.56.0/config_linux/org.eclipse.equinox.launcher/org.eclipse.equinox.launcher.gtk.linux.x86_64_1.2.1600.v20260804-1928/eclipse_11924.so
7f613c0cd000-7f613c0d0000 r--p 0000e000 00:23 193526                     /home/alejandro/.config/Antigravity/User/globalStorage/redhat.java/1.56.0/config_linux/org.eclipse.equinox.launcher/org.eclipse.equinox.launcher.gtk.linux.x86_64_1.2.1600.v20260804-1928/eclipse_11924.so
7f613c0d0000-7f613c0d1000 r--p 00010000 00:23 193526                     /home/alejandro/.config/Antigravity/User/globalStorage/redhat.java/1.56.0/config_linux/org.eclipse.equinox.launcher/org.eclipse.equinox.launcher.gtk.linux.x86_64_1.2.1600.v20260804-1928/eclipse_11924.so
7f613c0d1000-7f613c0d2000 rw-p 00011000 00:23 193526                     /home/alejandro/.config/Antigravity/User/globalStorage/redhat.java/1.56.0/config_linux/org.eclipse.equinox.launcher/org.eclipse.equinox.launcher.gtk.linux.x86_64_1.2.1600.v20260804-1928/eclipse_11924.so
7f613c0d2000-7f613cfe2000 rw-p 00000000 00:00 0 
7f613cfe2000-7f613d0e3000 rw-p 00000000 00:00 0 
7f613d0e3000-7f613d600000 rw-p 00000000 00:00 0 
7f613d603000-7f613d610000 r-xp 00000000 00:23 181609                     /home/alejandro/.antigravity/extensions/redhat.java-1.56.0-linux-x64/jre/21.0.12.1-linux-x86_64/lib/libverify.so
7f613d610000-7f613d612000 r--p 0000c000 00:23 181609                     /home/alejandro/.antigravity/extensions/redhat.java-1.56.0-linux-x64/jre/21.0.12.1-linux-x86_64/lib/libverify.so
7f613d612000-7f613d613000 rw-p 0000e000 00:23 181609                     /home/alejandro/.antigravity/extensions/redhat.java-1.56.0-linux-x64/jre/21.0.12.1-linux-x86_64/lib/libverify.so
7f613d613000-7f613d61f000 r-xp 00000000 00:23 181617                     /home/alejandro/.antigravity/extensions/redhat.java-1.56.0-linux-x64/jre/21.0.12.1-linux-x86_64/lib/libnet.so
7f613d61f000-7f613d620000 r--p 0000b000 00:23 181617                     /home/alejandro/.antigravity/extensions/redhat.java-1.56.0-linux-x64/jre/21.0.12.1-linux-x86_64/lib/libnet.so
7f613d620000-7f613d621000 rw-p 0000c000 00:23 181617                     /home/alejandro/.antigravity/extensions/redhat.java-1.56.0-linux-x64/jre/21.0.12.1-linux-x86_64/lib/libnet.so
7f613d621000-7f613d63c000 r-xp 00000000 00:23 181608                     /home/alejandro/.antigravity/extensions/redhat.java-1.56.0-linux-x64/jre/21.0.12.1-linux-x86_64/lib/libzip.so
7f613d63c000-7f613d63d000 r--p 0001a000 00:23 181608                     /home/alejandro/.antigravity/extensions/redhat.java-1.56.0-linux-x64/jre/21.0.12.1-linux-x86_64/lib/libzip.so
7f613d63d000-7f613d63e000 rw-p 0001b000 00:23 181608                     /home/alejandro/.antigravity/extensions/redhat.java-1.56.0-linux-x64/jre/21.0.12.1-linux-x86_64/lib/libzip.so
7f613d63e000-7f613d7bc000 rw-p 00000000 00:00 0 
7f613d7bc000-7f613d911000 ---p 00000000 00:00 0 
7f613d911000-7f613da12000 rw-p 00000000 00:00 0 
7f613da12000-7f613db68000 rw-p 00000000 00:00 0 
7f613db68000-7f613dcbc000 ---p 00000000 00:00 0 
7f613dcbc000-7f613dcc2000 rw-p 00000000 00:00 0 
7f613dcc2000-7f613de13000 ---p 00000000 00:00 0 
7f613de13000-7f613de41000 rw-p 00000000 00:00 0 
7f613de41000-7f613defe000 ---p 00000000 00:00 0 
7f613defe000-7f613df5c000 rw-p 00000000 00:00 0 
7f613df5c000-7f613dfe9000 ---p 00000000 00:00 0 
7f613dfe9000-7f613dfed000 ---p 00000000 00:00 0 
7f613dfed000-7f613e0e9000 rw-p 00000000 00:00 0 
7f613e0e9000-7f613e178000 r-xp 00000000 00:23 178361                     /usr/lib64/libm.so.6
7f613e178000-7f613e1fe000 r--p 0008f000 00:23 178361                     /usr/lib64/libm.so.6
7f613e1fe000-7f613e1ff000 r--p 00114000 00:23 178361                     /usr/lib64/libm.so.6
7f613e1ff000-7f613e200000 rw-p 00115000 00:23 178361                     /usr/lib64/libm.so.6
7f613e200000-7f613f63a000 r-xp 00000000 00:23 181717                     /home/alejandro/.antigravity/extensions/redhat.java-1.56.0-linux-x64/jre/21.0.12.1-linux-x86_64/lib/server/libjvm.so
7f613f63a000-7f613f70f000 r--p 01439000 00:23 181717                     /home/alejandro/.antigravity/extensions/redhat.java-1.56.0-linux-x64/jre/21.0.12.1-linux-x86_64/lib/server/libjvm.so
7f613f70f000-7f613f73f000 rw-p 0150e000 00:23 181717                     /home/alejandro/.antigravity/extensions/redhat.java-1.56.0-linux-x64/jre/21.0.12.1-linux-x86_64/lib/server/libjvm.so
7f613f73f000-7f613f7a5000 rw-p 00000000 00:00 0 
7f613f7a5000-7f613f7a7000 r-xp 00000000 00:23 36846                      /usr/lib64/libnss_mdns4_minimal.so.2
7f613f7a7000-7f613f7a8000 r--p 00002000 00:23 36846                      /usr/lib64/libnss_mdns4_minimal.so.2
7f613f7a8000-7f613f7a9000 r--p 00003000 00:23 36846                      /usr/lib64/libnss_mdns4_minimal.so.2
7f613f7a9000-7f613f7aa000 rw-p 00000000 00:00 0 
7f613f7aa000-7f613f7be000 r-xp 00000000 00:23 181616                     /home/alejandro/.antigravity/extensions/redhat.java-1.56.0-linux-x64/jre/21.0.12.1-linux-x86_64/lib/libnio.so
7f613f7be000-7f613f7bf000 r--p 00013000 00:23 181616                     /home/alejandro/.antigravity/extensions/redhat.java-1.56.0-linux-x64/jre/21.0.12.1-linux-x86_64/lib/libnio.so
7f613f7bf000-7f613f7c0000 rw-p 00014000 00:23 181616                     /home/alejandro/.antigravity/extensions/redhat.java-1.56.0-linux-x64/jre/21.0.12.1-linux-x86_64/lib/libnio.so
7f613f7c0000-7f613f7c5000 rw-p 00000000 00:00 0 
7f613f7c5000-7f613f7cc000 ---p 00000000 00:00 0 
7f613f7cc000-7f613f7d4000 rw-s 00000000 00:31 3383                       /tmp/hsperfdata_alejandro/20257
7f613f7d4000-7f613f7f5000 r-xp 00000000 00:23 181631                     /home/alejandro/.antigravity/extensions/redhat.java-1.56.0-linux-x64/jre/21.0.12.1-linux-x86_64/lib/libjava.so
7f613f7f5000-7f613f7f6000 r--p 00020000 00:23 181631                     /home/alejandro/.antigravity/extensions/redhat.java-1.56.0-linux-x64/jre/21.0.12.1-linux-x86_64/lib/libjava.so
7f613f7f6000-7f613f7f7000 rw-p 00021000 00:23 181631                     /home/alejandro/.antigravity/extensions/redhat.java-1.56.0-linux-x64/jre/21.0.12.1-linux-x86_64/lib/libjava.so
7f613f7f7000-7f613f7f8000 rw-p 00000000 00:00 0 
7f613f7f8000-7f613f813000 r-xp 00000000 00:23 181627                     /home/alejandro/.antigravity/extensions/redhat.java-1.56.0-linux-x64/jre/21.0.12.1-linux-x86_64/lib/libjimage.so
7f613f813000-7f613f814000 ---p 0001b000 00:23 181627                     /home/alejandro/.antigravity/extensions/redhat.java-1.56.0-linux-x64/jre/21.0.12.1-linux-x86_64/lib/libjimage.so
7f613f814000-7f613f816000 r--p 0001b000 00:23 181627                     /home/alejandro/.antigravity/extensions/redhat.java-1.56.0-linux-x64/jre/21.0.12.1-linux-x86_64/lib/libjimage.so
7f613f816000-7f613f817000 rw-p 0001d000 00:23 181627                     /home/alejandro/.antigravity/extensions/redhat.java-1.56.0-linux-x64/jre/21.0.12.1-linux-x86_64/lib/libjimage.so
7f613f817000-7f613f818000 r-xp 00000000 00:23 178369                     /usr/lib64/librt.so.1
7f613f818000-7f613f819000 r--p 00001000 00:23 178369                     /usr/lib64/librt.so.1
7f613f819000-7f613f81a000 r--p 00001000 00:23 178369                     /usr/lib64/librt.so.1
7f613f81a000-7f613f81d000 rw-p 00000000 00:00 0 
7f613f81d000-7f613f98f000 r-xp 00000000 00:23 178359                     /usr/lib64/libc.so.6
7f613f98f000-7f613fa08000 r--p 00172000 00:23 178359                     /usr/lib64/libc.so.6
7f613fa08000-7f613fa0c000 r--p 001eb000 00:23 178359                     /usr/lib64/libc.so.6
7f613fa0c000-7f613fa0e000 rw-p 001ef000 00:23 178359                     /usr/lib64/libc.so.6
7f613fa0e000-7f613fa16000 rw-p 00000000 00:00 0 
7f613fa16000-7f613fa17000 r-xp 00000000 00:23 178360                     /usr/lib64/libdl.so.2
7f613fa17000-7f613fa18000 r--p 00001000 00:23 178360                     /usr/lib64/libdl.so.2
7f613fa18000-7f613fa19000 r--p 00001000 00:23 178360                     /usr/lib64/libdl.so.2
7f613fa19000-7f613fa1a000 rw-p 00000000 00:00 0 
7f613fa1a000-7f613fa1b000 r-xp 00000000 00:23 178367                     /usr/lib64/libpthread.so.0
7f613fa1b000-7f613fa1c000 r--p 00001000 00:23 178367                     /usr/lib64/libpthread.so.0
7f613fa1c000-7f613fa1d000 r--p 00001000 00:23 178367                     /usr/lib64/libpthread.so.0
7f613fa1d000-7f613fa1e000 rw-p 00000000 00:00 0 
7f613fa21000-7f613fa2b000 r-xp 00000000 00:23 181636                     /home/alejandro/.antigravity/extensions/redhat.java-1.56.0-linux-x64/jre/21.0.12.1-linux-x86_64/lib/libinstrument.so
7f613fa2b000-7f613fa2c000 ---p 0000a000 00:23 181636                     /home/alejandro/.antigravity/extensions/redhat.java-1.56.0-linux-x64/jre/21.0.12.1-linux-x86_64/lib/libinstrument.so
7f613fa2c000-7f613fa2d000 r--p 0000a000 00:23 181636                     /home/alejandro/.antigravity/extensions/redhat.java-1.56.0-linux-x64/jre/21.0.12.1-linux-x86_64/lib/libinstrument.so
7f613fa2d000-7f613fa2e000 rw-p 0000b000 00:23 181636                     /home/alejandro/.antigravity/extensions/redhat.java-1.56.0-linux-x64/jre/21.0.12.1-linux-x86_64/lib/libinstrument.so
7f613fa2e000-7f613fa2f000 ---p 00000000 00:00 0 
7f613fa2f000-7f613fa30000 r--p 00000000 00:00 0 
7f613fa30000-7f613fa31000 ---p 00000000 00:00 0 
7f613fa31000-7f613fa4a000 r-xp 00000000 00:23 181626                     /home/alejandro/.antigravity/extensions/redhat.java-1.56.0-linux-x64/jre/21.0.12.1-linux-x86_64/lib/libjli.so
7f613fa4a000-7f613fa4b000 r--p 00018000 00:23 181626                     /home/alejandro/.antigravity/extensions/redhat.java-1.56.0-linux-x64/jre/21.0.12.1-linux-x86_64/lib/libjli.so
7f613fa4b000-7f613fa4c000 rw-p 00019000 00:23 181626                     /home/alejandro/.antigravity/extensions/redhat.java-1.56.0-linux-x64/jre/21.0.12.1-linux-x86_64/lib/libjli.so
7f613fa4c000-7f613fa4e000 rw-p 00000000 00:00 0 
7f613fa4e000-7f613fa52000 r--p 00000000 00:00 0                          [vvar]
7f613fa52000-7f613fa54000 r--p 00000000 00:00 0                          [vvar_vclock]
7f613fa54000-7f613fa56000 r-xp 00000000 00:00 0                          [vdso]
7f613fa56000-7f613fa81000 r-xp 00000000 00:23 178356                     /usr/lib64/ld-linux-x86-64.so.2
7f613fa81000-7f613fa8d000 r--p 0002b000 00:23 178356                     /usr/lib64/ld-linux-x86-64.so.2
7f613fa8d000-7f613fa8f000 r--p 00037000 00:23 178356                     /usr/lib64/ld-linux-x86-64.so.2
7f613fa8f000-7f613fa90000 rw-p 00039000 00:23 178356                     /usr/lib64/ld-linux-x86-64.so.2
7f613fa90000-7f613fa91000 rw-p 00000000 00:00 0 
7fff0da71000-7fff0da93000 rw-p 00000000 00:00 0                          [stack]
ffffffffff600000-ffffffffff601000 --xp 00000000 00:00 0                  [vsyscall]
Total number of mappings: 353

JVMTI agents:
/home/alejandro/.antigravity/extensions/redhat.java-1.56.0-linux-x64/lombok/lombok-1.18.39-4050.jar path:none, loaded, initialized, instrumentlib options:none


VM Arguments:
jvm_args: --add-modules=ALL-SYSTEM --add-opens=java.base/java.util=ALL-UNNAMED --add-opens=java.base/java.lang=ALL-UNNAMED --add-opens=java.base/sun.nio.fs=ALL-UNNAMED -Declipse.application=org.eclipse.jdt.ls.core.id1 -Dosgi.bundles.defaultStartLevel=4 -Declipse.product=org.eclipse.jdt.ls.core.product -Djava.import.generatesMetadataFilesAtProjectRoot=false -Dm2e.project.cache.size=50 -DDetectVMInstallationsJob.disabled=true -Dfile.encoding=utf8 -XX:+UseParallelGC -XX:GCTimeRatio=4 -XX:AdaptiveSizePolicyWeight=90 -Dsun.zip.disableMemoryMapping=true -Xmx2G -Xms100m -Xlog:disable -javaagent:/home/alejandro/.antigravity/extensions/redhat.java-1.56.0-linux-x64/lombok/lombok-1.18.39-4050.jar -XX:+HeapDumpOnOutOfMemoryError -XX:HeapDumpPath=/home/alejandro/.config/Antigravity/User/workspaceStorage/86130345ce36af9e20fe2ce1e9e45859/redhat.java -Daether.dependencyCollector.impl=bf 
java_command: /home/alejandro/.antigravity/extensions/redhat.java-1.56.0-linux-x64/server/plugins/org.eclipse.equinox.launcher_1.8.0.v20260804-1928.jar -configuration /home/alejandro/.config/Antigravity/User/globalStorage/redhat.java/1.56.0/config_linux -data /home/alejandro/.config/Antigravity/User/workspaceStorage/86130345ce36af9e20fe2ce1e9e45859/redhat.java/jdt_ws --pipe=/run/user/1000/lsp-d305c378a31f1d2f33d0be7b42634e88.sock
java_class_path (initial): /home/alejandro/.antigravity/extensions/redhat.java-1.56.0-linux-x64/server/plugins/org.eclipse.equinox.launcher_1.8.0.v20260804-1928.jar
Launcher Type: SUN_STANDARD

[Global flags]
    uintx AdaptiveSizePolicyWeight                 = 90                                        {product} {command line}
     intx CICompilerCount                          = 4                                         {product} {ergonomic}
    uintx GCTimeRatio                              = 4                                         {product} {command line}
     bool HeapDumpOnOutOfMemoryError               = true                                   {manageable} {command line}
    ccstr HeapDumpPath                             = /home/alejandro/.config/Antigravity/User/workspaceStorage/86130345ce36af9e20fe2ce1e9e45859/redhat.java         {manageable} {command line}
   size_t InitialHeapSize                          = 104857600                                 {product} {command line}
   size_t MaxHeapSize                              = 2147483648                                {product} {command line}
   size_t MaxNewSize                               = 715653120                                 {product} {ergonomic}
   size_t MinHeapDeltaBytes                        = 524288                                    {product} {ergonomic}
   size_t MinHeapSize                              = 104857600                                 {product} {command line}
   size_t NewSize                                  = 34603008                                  {product} {ergonomic}
    uintx NonNMethodCodeHeapSize                   = 5839372                                {pd product} {ergonomic}
    uintx NonProfiledCodeHeapSize                  = 122909434                              {pd product} {ergonomic}
   size_t OldSize                                  = 70254592                                  {product} {ergonomic}
    uintx ProfiledCodeHeapSize                     = 122909434                              {pd product} {ergonomic}
    uintx ReservedCodeCacheSize                    = 251658240                              {pd product} {ergonomic}
     bool SegmentedCodeCache                       = true                                      {product} {ergonomic}
   size_t SoftMaxHeapSize                          = 2147483648                             {manageable} {ergonomic}
     bool UseCompressedOops                        = true                           {product lp64_product} {ergonomic}
     bool UseParallelGC                            = true                                      {product} {command line}

Logging:
Log output configuration:
 #0: stdout all=off uptime,level,tags foldmultilines=false
 #1: stderr all=off uptime,level,tags foldmultilines=false

Release file:
JAVA_VERSION="21.0.12.1"
MODULES="java.base java.compiler java.datatransfer java.xml java.prefs java.desktop java.instrument java.logging java.management java.security.sasl java.naming java.rmi java.management.rmi java.net.http java.scripting java.security.jgss java.transaction.xa java.sql java.sql.rowset java.xml.crypto java.se java.smartcardio jdk.accessibility jdk.internal.jvmstat jdk.attach jdk.charsets jdk.internal.opt jdk.zipfs jdk.compiler jdk.crypto.ec jdk.crypto.cryptoki jdk.dynalink jdk.internal.ed jdk.editpad jdk.hotspot.agent jdk.httpserver jdk.internal.le jdk.internal.vm.ci jdk.internal.vm.compiler jdk.internal.vm.compiler.management jdk.jartool jdk.javadoc jdk.jcmd jdk.management jdk.management.agent jdk.jconsole jdk.jdeps jdk.jdwp.agent jdk.jdi jdk.jfr jdk.jshell jdk.jsobject jdk.jstatd jdk.localedata jdk.management.jfr jdk.naming.dns jdk.naming.rmi jdk.net jdk.nio.mapmode jdk.random jdk.sctp jdk.security.auth jdk.security.jgss jdk.unsupported jdk.unsupported.desktop jdk.xml.dom"

Environment Variables:
PATH=/home/alejandro/.local/bin:/home/alejandro/.local/bin:/home/alejandro/.local/bin:/home/alejandro/.local/bin:/home/alejandro/.local/bin:/home/alejandro/bin:/usr/local/bin:/usr/bin
USERNAME=alejandro
SHELL=/bin/bash
DISPLAY=:0
WAYLAND_DISPLAY=wayland-0
LANG=en_US.UTF-8

Active Locale:
LC_ALL=en_US.UTF-8
LC_COLLATE=en_US.UTF-8
LC_CTYPE=en_US.UTF-8
LC_MESSAGES=en_US.UTF-8
LC_MONETARY=en_US.UTF-8
LC_NUMERIC=en_US.UTF-8
LC_TIME=en_US.UTF-8

Signal Handlers:
   SIGSEGV: crash_handler in libjvm.so, mask=11100100010111111101111111111110, flags=SA_RESTART|SA_SIGINFO, unblocked
    SIGBUS: crash_handler in libjvm.so, mask=11100100010111111101111111111110, flags=SA_RESTART|SA_SIGINFO, unblocked
    SIGFPE: crash_handler in libjvm.so, mask=11100100010111111101111111111110, flags=SA_RESTART|SA_SIGINFO, unblocked
   SIGPIPE: javaSignalHandler in libjvm.so, mask=11100100010111111101111111111110, flags=SA_RESTART|SA_SIGINFO, blocked
   SIGXFSZ: javaSignalHandler in libjvm.so, mask=11100100010111111101111111111110, flags=SA_RESTART|SA_SIGINFO, blocked
    SIGILL: crash_handler in libjvm.so, mask=11100100010111111101111111111110, flags=SA_RESTART|SA_SIGINFO, unblocked
   SIGUSR2: SR_handler in libjvm.so, mask=00000000000000000000000000000000, flags=SA_RESTART|SA_SIGINFO, blocked
    SIGHUP: UserHandler in libjvm.so, mask=11100100010111111101111111111110, flags=SA_RESTART|SA_SIGINFO, blocked
    SIGINT: UserHandler in libjvm.so, mask=11100100010111111101111111111110, flags=SA_RESTART|SA_SIGINFO, blocked
   SIGTERM: UserHandler in libjvm.so, mask=11100100010111111101111111111110, flags=SA_RESTART|SA_SIGINFO, blocked
   SIGQUIT: UserHandler in libjvm.so, mask=11100100010111111101111111111110, flags=SA_RESTART|SA_SIGINFO, blocked
   SIGTRAP: crash_handler in libjvm.so, mask=11100100010111111101111111111110, flags=SA_RESTART|SA_SIGINFO, unblocked


Periodic native trim disabled

---------------  S Y S T E M  ---------------

OS:
Fedora release 44 (Forty Four)
uname: Linux 7.1.13-200.fc44.x86_64 #1 SMP PREEMPT_DYNAMIC Wed Sep  2 13:58:38 UTC 2026 x86_64
OS uptime: 0 days 8:55 hours
libc: glibc 2.43 NPTL 2.43 
rlimit (soft/hard): STACK 8192k/infinity , CORE infinity/infinity , NPROC 30464/30464 , NOFILE 524288/524288 , AS infinity/infinity , CPU infinity/infinity , DATA infinity/infinity , FSIZE infinity/infinity , MEMLOCK 8192k/8192k
load average: 0.82 0.74 0.50

/proc/meminfo:
MemTotal:        7963680 kB
MemFree:          285524 kB
MemAvailable:    2298956 kB
Buffers:             820 kB
Cached:          2808340 kB
SwapCached:         3948 kB
Active:          3072284 kB
Inactive:        3067396 kB
Active(anon):    2528240 kB
Inactive(anon):  1408892 kB
Active(file):     544044 kB
Inactive(file):  1658504 kB
Unevictable:      321452 kB
Mlocked:              16 kB
SwapTotal:       7963644 kB
SwapFree:        6229772 kB
Zswap:                 0 kB
Zswapped:              0 kB
Dirty:               828 kB
Writeback:           224 kB
AnonPages:       3650616 kB
Mapped:           776416 kB
Shmem:            606776 kB
KReclaimable:      71336 kB
Slab:             297960 kB
SReclaimable:      71336 kB
SUnreclaim:       226624 kB
KernelStack:       21536 kB
PageTables:        81164 kB
SecPageTables:      2056 kB
NFS_Unstable:          0 kB
Bounce:                0 kB
WritebackTmp:          0 kB
CommitLimit:    11945484 kB
Committed_AS:   29761080 kB
VmallocTotal:   34359738367 kB
VmallocUsed:       91100 kB
VmallocChunk:          0 kB
Percpu:             6560 kB
HardwareCorrupted:     0 kB
AnonHugePages:         0 kB
ShmemHugePages:        0 kB
ShmemPmdMapped:        0 kB
FileHugePages:         0 kB
FilePmdMapped:         0 kB
CmaTotal:              0 kB
CmaFree:               0 kB
Unaccepted:            0 kB
Balloon:               0 kB
GPUActive:           156 kB
GPUReclaim:            0 kB
HugePages_Total:       0
HugePages_Free:        0
HugePages_Rsvd:        0
HugePages_Surp:        0
Hugepagesize:       2048 kB
Hugetlb:               0 kB
DirectMap4k:      247284 kB
DirectMap2M:     4843520 kB
DirectMap1G:     3145728 kB

/sys/kernel/mm/transparent_hugepage/enabled: always [madvise] never
/sys/kernel/mm/transparent_hugepage/hpage_pmd_size: 2097152
/sys/kernel/mm/transparent_hugepage/defrag (defrag/compaction efforts parameter): always defer defer+madvise [madvise] never

Process Memory:
Virtual Size: 7419576K (peak: 7493020K)
Resident Set Size: 1280992K (peak: 1280992K) (anon: 1146108K, file: 134852K, shmem: 32K)
Swapped out: 20088K
C-Heap outstanding allocations: 78468K, retained: 202531K
glibc malloc tunables: (default)

/proc/sys/kernel/threads-max (system-wide limit on the number of threads): 60929
/proc/sys/vm/max_map_count (maximum number of memory map areas a process may have): 1048576
/proc/sys/vm/swappiness (control to define how aggressively the kernel swaps out anonymous memory): 60
/proc/sys/kernel/pid_max (system-wide limit on number of process identifiers): 4194304

container information not found.
Steal ticks since vm start: 0
Steal ticks percentage since vm start:  0.000

CPU: total 8 (initial active 8) (4 cores per cpu, 2 threads per core) family 6 model 158 stepping 9 microcode 0xf8, cx8, cmov, fxsr, ht, mmx, 3dnowpref, sse, sse2, sse3, ssse3, sse4.1, sse4.2, popcnt, lzcnt, tsc, tscinvbit, avx, avx2, aes, erms, clmul, bmi1, bmi2, adx, fma, vzeroupper, clflush, clflushopt, rdtscp, f16c
CPU Model and flags from /proc/cpuinfo:
model name	: Intel(R) Core(TM) i7-7700HQ CPU @ 2.80GHz
flags		: fpu vme de pse tsc msr pae mce cx8 apic sep mtrr pge mca cmov pat pse36 clflush dts acpi mmx fxsr sse sse2 ss ht tm pbe syscall nx pdpe1gb rdtscp lm constant_tsc art arch_perfmon pebs bts rep_good nopl xtopology nonstop_tsc cpuid aperfmperf pni pclmulqdq dtes64 monitor ds_cpl vmx est tm2 ssse3 sdbg fma cx16 xtpr pdcm pcid sse4_1 sse4_2 x2apic movbe popcnt tsc_deadline_timer aes xsave avx f16c rdrand lahf_lm abm 3dnowprefetch cpuid_fault epb pti ssbd ibrs ibpb stibp tpr_shadow flexpriority ept vpid ept_ad fsgsbase tsc_adjust bmi1 avx2 smep bmi2 erms invpcid mpx rdseed adx smap clflushopt intel_pt xsaveopt xsavec xgetbv1 xsaves dtherm ida arat pln pts hwp hwp_notify hwp_act_window hwp_epp vnmi md_clear flush_l1d arch_capabilities

Online cpus: 0-7
Offline cpus: 
BIOS frequency limitation: <Not Available>
Frequency switch latency (ns): 0
Available cpu frequencies: <Not Available>
Current governor: powersave
Core performance/turbo boost: <Not Available>

Memory: 4k page, physical 7963680k(2298956k free), swap 7963644k(6229784k free)
Page Sizes: 4k

vm_info: OpenJDK 64-Bit Server VM (21.0.12.1+1-LTS) for linux-amd64 JRE (21.0.12.1+1-LTS), built on 2026-08-18T00:00:00Z by "admin" with gcc 11.3.0

END.
